"numforgame","rowforgame","rowforextra","inning","away","home","rem_type","base1","base2","base3","id","Player","direction","result","out","follow.up","special","log"
2,16,1,"2上","兄弟(0)","(0)統一",1,NA,NA,NA,"第四棒","彭政閔","內","接殺","零出局",0,"","1.第四棒1B彭政閔:內野平飛球，遭到1B接殺，一出局"
2,39,1,"4上","兄弟(0)","(0)統一",11,NA,NA,"張志豪","第四棒","彭政閔","右","高飛犧牲打犧牲短打","一出局",1,"warning","3.第四棒彭政閔:右外野飛球形成高飛犧牲打，帶有一分打點，二出局"
2,63,1,"6上","兄弟(2)","(0)統一",2,NA,NA,NA,"第四棒","彭政閔","右","接殺","一出局",0,"","2.第四棒彭政閔:外野飛球，遭到RF接殺，二出局"
2,92,1,"8上","兄弟(2)","(0)統一",14,"羅培茲","張正偉",NA,"第四棒","彭政閔","左","接殺","一出局",0,"","4.第四棒彭政閔:外野飛球，遭到LF接殺，二出局"
4,16,1,"1下","義大(1)","(1)兄弟",3,NA,NA,NA,"第四棒","彭政閔","","保送","二出局",0,"","4.第四棒1B彭政閔:獲得四壞球保送，一壘有人"
4,41,1,"4下","義大(1)","(1)兄弟",2,NA,NA,NA,"第四棒","彭政閔","","接殺","一出局",0,"","2.第四棒1B彭政閔:二壘方向小飛球遭到接殺，二出局"
4,65,1,"7下","義大(1)","(1)兄弟",1,NA,NA,NA,"第四棒","彭政閔","內","刺殺","零出局",0,"","1.第四棒1B彭政閔:三壘方向滾地球遭到刺殺，一出局"
4,87,1,"9下","義大(1)","(1)兄弟",5,"羅培茲",NA,NA,"第四棒","彭政閔","中","中外野安打","一出局",1,"","3.第四棒1B彭政閔:中外野安打，一三壘有人"
6,22,1,"1下","義大(4)","(1)兄弟",3,NA,NA,NA,"第四棒","彭政閔","內","刺殺","二出局",0,"","4.第四棒1B彭政閔:三壘方向滾地球遭到刺殺，三出局"
6,63,1,"4下","義大(10)","(1)兄弟",2,NA,NA,NA,"第四棒","彭政閔","","三振","一出局",0,"","2.第四棒1B彭政閔:遭到三振，二出局"
6,86,1,"6下","義大(10)","(1)兄弟",1,NA,NA,NA,"第四棒","彭政閔","右","右外野安打","零出局",0,"","1.第四棒1B彭政閔:右外野安打，一壘有人"
6,117,1,"8下","義大(13)","(2)兄弟",2,NA,NA,NA,"第四棒","彭政閔","中","中外野安打","一出局",0,"","2.第四棒1B彭政閔:中外野安打，一壘有人"
8,13,1,"1下","桃猿(0)","(1)兄弟",14,"張志豪","張正偉",NA,"第四棒","彭政閔","","保送","一出局",2,"","4.第四棒1B彭政閔:獲得四壞球保送，形成滿壘"
8,36,1,"3下","桃猿(0)","(3)兄弟",8,NA,"羅培茲",NA,"第四棒","彭政閔","","三振","一出局",0,"","3.第四棒1B彭政閔:遭到三振，二出局"
8,58,1,"5下","桃猿(0)","(5)兄弟",1,NA,NA,NA,"第四棒","彭政閔","中","接殺","零出局",0,"","1.第四棒1B彭政閔:中外野飛球遭到接殺，一出局"
8,101,1,"8下","桃猿(4)","(5)兄弟",1,NA,NA,NA,"第四棒","彭政閔","內","接殺","零出局",0,"","1.第四棒1B彭政閔:二壘方向平飛球遭到接殺，一出局"
10,17,1,"2下","桃猿(1)","(0)兄弟",1,NA,NA,NA,"第四棒","彭政閔","左","接殺","零出局",0,"","1.第四棒1B彭政閔:左外野飛球遭到接殺，一出局"
10,39,1,"4下","桃猿(1)","(0)兄弟",8,NA,"羅培茲",NA,"第四棒","彭政閔","中","穿越安打穿越安打","一出局",0,"","3.第四棒1B彭政閔:中間方向穿越安打，一三壘有人"
10,75,1,"6下","桃猿(5)","(0)兄弟",5,"羅培茲",NA,NA,"第四棒","彭政閔","右","接殺","一出局",0,"","3.第四棒1B彭政閔:右外野飛球遭到接殺，二出局"
10,104,1,"9下","桃猿(5)","(0)兄弟",2,NA,NA,NA,"第四棒","彭政閔","","保送","一出局",0,"","2.第四棒1B彭政閔:獲得四壞球保送，一壘有人"
12,11,1,"1下","桃猿(0)","(1)兄弟",6,"張正偉",NA,NA,"第四棒","彭政閔","","三振","二出局",0,"","4.第四棒1B彭政閔:遭到三振，三出局"
12,37,1,"4下","桃猿(0)","(1)兄弟",4,"黃仕豪",NA,NA,"第四棒","彭政閔","右","右外野安打","零出局",2,"","2.第四棒1B彭政閔:右外野安打，一二壘有人"
12,39,1,"4下","桃猿(0)","(1)兄弟",14,"彭政閔","黃仕豪",NA,"","","","盜壘失敗","一出局",2,"warning","黃仕豪盜壘失敗，彭政閔趁傳上二壘，二壘有人，二出局"
12,41,1,"4下","桃猿(0)","(1)兄弟",18,"郭健瑜",NA,"彭政閔","第七棒","王峻杰","左","失誤","二出局",2,"warning","5.第七棒C王峻杰:游擊方向滾地球造成SS失誤，彭政閔回本壘得分，一二壘有人"
12,59,1,"5下","桃猿(0)","(3)兄弟",5,"黃仕豪",NA,NA,"第四棒","彭政閔","中","穿越安打穿越安打","一出局",0,"","3.第四棒1B彭政閔:中間方向穿越安打，一二壘有人"
12,86,1,"7下","桃猿(1)","(3)兄弟",15,"黃仕豪","張志豪",NA,"第四棒","彭政閔","內","內野安打","二出局",1,"","5.第四棒1B彭政閔:內野安打，帶有一分打點，一二壘有人"
15,13,1,"1下","統一(1)","(0)兄弟",6,"張正偉",NA,NA,"第四棒","彭政閔","","三振","二出局",1,"","4.第四棒1B彭政閔:遭到三振，三出局"
15,36,1,"3下","統一(1)","(0)兄弟",15,"張志豪","張正偉",NA,"第四棒","彭政閔","左","刺殺","二出局",0,"","4.第四棒1B彭政閔:游擊方向滾地球遭到刺殺，三出局"
15,62,1,"5下","統一(1)","(1)兄弟",18,"羅培茲",NA,"張正偉","第四棒","彭政閔","內","刺殺","二出局",0,"","6.第四棒1B彭政閔:三壘方向滾地球遭到刺殺，三出局"
15,94,1,"8下","統一(1)","(1)兄弟",1,NA,NA,NA,"第四棒","彭政閔","右","接殺","零出局",0,"","1.第四棒1B彭政閔:右外野飛球遭到接殺，一出局"
15,119,1,"10下","統一(1)","(1)兄弟",5,"張志豪",NA,NA,"第四棒","彭政閔","","三振","一出局",0,"","3.第四棒1B彭政閔:遭到三振，二出局"
17,22,1,"2下","統一(1)","(0)兄弟",1,NA,NA,NA,"第四棒","彭政閔","中","接殺","零出局",0,"","1.第四棒1B彭政閔:中外野飛球遭到接殺，一出局"
17,49,1,"4下","統一(3)","(0)兄弟",4,"周思齊",NA,NA,"第四棒","彭政閔","內","雙殺","零出局",0,"","2.第四棒1B彭政閔:二壘方向滾地球形成雙殺，二出局"
17,73,1,"6下","統一(4)","(0)兄弟",2,NA,NA,NA,"第四棒","彭政閔","內","刺殺","一出局",0,"","2.第四棒1B彭政閔:一壘方向滾地球遭到刺殺，二出局"
17,101,1,"9下","統一(4)","(0)兄弟",1,NA,NA,NA,"第四棒","彭政閔","內","刺殺","零出局",0,"","1.第四棒1B彭政閔:二壘方向滾地球遭到刺殺，一出局"
18,6,1,"1上","兄弟(1)","(0)義大",3,NA,NA,NA,"第四棒","彭政閔","左","刺殺","二出局",0,"","4.第四棒1B彭政閔:游擊方向滾地球遭刺殺，三出局"
18,31,1,"4上","兄弟(1)","(0)義大",3,NA,NA,NA,"第四棒","彭政閔","右","二壘安打","二出局",0,"","3.第四棒1B彭政閔:右外野二壘安打，二壘有人"
18,62,1,"7上","兄弟(1)","(1)義大",7,NA,"周思齊",NA,"第四棒","彭政閔","","三振","零出局",0,"","2.第四棒1B彭政閔:三振，一出局"
18,78,1,"8上","兄弟(2)","(1)義大",24,"周思齊","郭健瑜","徐睿擇","第四棒","彭政閔","中","接殺","二出局",0,"","7.第四棒1B彭政閔:中外野高飛球遭接殺，三出局"
20,14,1,"2上","兄弟(0)","(1)義大",1,NA,NA,NA,"第四棒","彭政閔","左","一壘安打","零出局",1,"","1.第四棒1B彭政閔:左外野一壘安打，一壘有人"
20,16,1,"2上","兄弟(0)","(1)義大",6,"彭政閔",NA,NA,"第六棒","林威助","中","接殺盜壘失敗","二出局",1,"warning","3.第六棒DH林威助:中外野高飛球遭接殺，二出局彭政閔盜壘失敗，三出局"
20,36,1,"4上","兄弟(0)","(1)義大",3,NA,NA,NA,"第四棒","彭政閔","內","刺殺","二出局",0,"","3.第四棒1B彭政閔:三壘方向滾地球遭刺殺，三出局"
20,64,1,"7上","兄弟(0)","(1)義大",2,NA,NA,NA,"第四棒","彭政閔","右","接殺","一出局",0,"","2.第四棒1B彭政閔:右外野高飛球遭接殺，二出局"
20,88,1,"9上","兄弟(0)","(1)義大",4,"周思齊",NA,NA,"第四棒","彭政閔","左","一壘安打","零出局",1,"","2.第四棒1B彭政閔:左外野一壘安打，一二壘有人"
20,110,1,"11上","兄弟(1)","(1)義大",1,NA,NA,NA,"第四棒","彭政閔","內","刺殺","零出局",0,"","1.第四棒1B彭政閔:三壘方向滾地球遭刺殺，一出局"
22,6,1,"1上","兄弟(1)","(0)義大",17,"郭建瑜",NA,"張正偉","第四棒","彭政閔","","三振","一出局",0,"","4.第四棒1B彭政閔:三振，二出局"
22,34,1,"4上","兄弟(1)","(0)義大",2,NA,NA,NA,"第四棒","彭政閔","左","刺殺","一出局",0,"","2.第四棒1B彭政閔:游擊方向滾地球遭刺殺，二出局"
22,54,1,"6上","兄弟(1)","(0)義大",2,NA,NA,NA,"第四棒","彭政閔","中","一壘安打","一出局",0,"","2.第四棒1B彭政閔:中外野一壘安打，一壘有人"
22,80,1,"8上","兄弟(2)","(2)義大",2,NA,NA,NA,"第四棒","彭政閔","內","刺殺","一出局",0,"","2.第四棒1B彭政閔:二壘方向滾地球遭刺殺，二出局"
25,14,1,"2上","兄弟(0)","(0)桃猿",1,NA,NA,NA,"第四棒","彭政閔","中","一壘安打","零出局",0,"","1.第四棒彭政閔:中間方向穿越一壘安打"
25,28,1,"3上","兄弟(0)","(0)桃猿",21,NA,"張正偉","王勝偉","第四棒","彭政閔","左","接殺","二出局",0,"warning","5.第四棒彭政閔:外野飛球，遭到LF接殺，三出局兄弟(0):(0)桃猿"
25,48,1,"5上","兄弟(1)","(0)桃猿",6,"林威助",NA,NA,"第四棒","彭政閔","","保送","二出局",0,"","4.第四棒彭政閔:四壞球保送，跑者分佔一、二壘"
25,76,1,"8上","兄弟(1)","(1)桃猿",2,NA,NA,NA,"第四棒","彭政閔","","三振","一出局",0,"","2.第四棒彭政閔:三振，二出局"
27,6,1,"1上","兄弟(0)","(0)桃猿",6,"林威助",NA,NA,"第四棒","彭政閔","內","封殺","二出局",0,"warning","4.第四棒彭政閔:內野滾地球，3B接到傳向二壘使跑者出局，三出局兄弟(0):(0)桃猿"
27,33,1,"4上","兄弟(0)","(2)桃猿",3,NA,NA,NA,"第四棒","彭政閔","內","刺殺封殺","二出局",0,"warning","3.第四棒彭政閔:內野滾地球，2B接到傳向一壘刺殺打者，三出局兄弟(0):(2)桃猿"
27,66,1,"7上","兄弟(0)","(5)桃猿",3,NA,NA,NA,"第四棒","彭政閔","","保送","二出局",0,"","3.第四棒彭政閔:四壞球保送"
27,92,1,"9上","兄弟(0)","(6)桃猿",6,"林威助",NA,NA,"第四棒","彭政閔","左","全壘打","二出局",2,"","4.第四棒彭政閔:左外野全壘打，帶有2分打點"
28,6,1,"1上","兄弟(0)","(0)統一",9,NA,"張志豪",NA,"第四棒","彭政閔","內","刺殺封殺","二出局",0,"warning","4.第四棒彭政閔:內野滾地球，SS接到傳向一壘刺殺打者，三出局兄弟(0):(0)統一"
28,30,1,"3上","兄弟(0)","(2)統一",14,"林威助","張志豪",NA,"第四棒","彭政閔","內","形成安打","一出局",4,"warning","4.第四棒彭政閔:投手正面強襲球，形成安打，帶有1分打點羅錦龍退場，統一更換投手:江承峰"
28,49,1,"4上","兄弟(5)","(5)統一",14,"林威助","張志豪",NA,"第四棒","彭政閔","內","封殺雙殺","一出局",0,"warning","5.第四棒彭政閔:內野滾地球，3B接到自踩三壘壘包再傳一壘，形成雙殺兄弟(5):(5)統一"
28,74,1,"6上","兄弟(6)","(6)統一",3,NA,NA,NA,"第四棒","彭政閔","右","接殺","二出局",0,"warning","3.第四棒彭政閔:外野飛球，遭到RF接殺，三出局兄弟(6):(6)統一"
28,104,1,"8上","兄弟(8)","(9)統一",9,NA,"陳弘桂",NA,"第四棒","彭政閔","內","刺殺封殺","二出局",0,"warning","6.第四棒彭政閔:內野滾地球，2B接到傳向一壘刺殺打者，三出局兄弟(8):(9)統一"
30,6,1,"1上","兄弟(4)","(0)統一",13,"林威助","陳子豪",NA,"第四棒","彭政閔","中","二壘安打","零出局",0,"warning","4.第四棒彭政閔:中外野二壘安打，帶有1分打點，跑者分佔二、三壘"
30,26,1,"3上","兄弟(4)","(0)統一",1,NA,NA,NA,"第四棒","彭政閔","中","全壘打","零出局",1,"","1.第四棒彭政閔:中外野陽春全壘打，帶有1分打點"
30,53,1,"5上","兄弟(5)","(6)統一",2,NA,NA,NA,"第四棒","彭政閔","右","二壘安打","一出局",3,"","2.第四棒彭政閔:右外野二壘安打"
30,74,1,"7上","兄弟(9)","(6)統一",1,NA,NA,NA,"第四棒","彭政閔","中","一壘安打","零出局",0,"","1.第四棒彭政閔:中間方向穿越一壘安打"
30,99,1,"9上","兄弟(9)","(9)統一",2,NA,NA,NA,"第四棒","彭政閔","右","接殺","一出局",0,"","2.第四棒彭政閔:外野飛球，遭到RF接殺，二出局"
32,6,1,"1上","兄弟(1)","(0)統一",16,"林威助",NA,"陳子豪","第四棒","彭政閔","","保送","零出局",0,"","4.第四棒彭政閔:四壞球保送，滿壘"
32,28,1,"3上","兄弟(1)","(1)統一",6,"林威助",NA,NA,"第四棒","彭政閔","右","接殺","二出局",0,"warning","4.第四棒彭政閔:外野飛球，遭到RF接殺，三出局兄弟(1):(1)統一"
32,53,1,"6上","兄弟(1)","(1)統一",2,NA,NA,NA,"第四棒","彭政閔","中","接殺","一出局",0,"","2.第四棒彭政閔:外野飛球，遭到中外野接殺，二出局"
32,76,1,"8上","兄弟(1)","(3)統一",3,NA,NA,NA,"第四棒","彭政閔","內","刺殺封殺","二出局",0,"warning","3.第四棒彭政閔:內野滾地球，2B接到傳向一壘刺殺打者，三出局兄弟(1):(3)統一"
34,13,1,"1下","桃猿(0)","(1)兄弟",13,"林威助","陳子豪",NA,"第四棒","彭政閔","","保送","零出局",4,"","4.第四棒1B彭政閔:獲得四壞球保送，形成滿壘"
34,31,1,"2下","桃猿(0)","(5)兄弟",6,"林威助",NA,NA,"第四棒","彭政閔","內","雙殺","二出局",0,"","3.第四棒1B彭政閔:三壘方向滾地球形成雙殺，三出局"
34,63,1,"5下","桃猿(3)","(5)兄弟",2,NA,NA,NA,"第四棒","彭政閔","左","刺殺","一出局",0,"","2.第四棒1B彭政閔:游擊方向滾地球遭到刺殺，二出局"
34,93,1,"7下","桃猿(4)","(6)兄弟",1,NA,NA,NA,"第四棒","彭政閔","","保送","零出局",0,"","1.第四棒1B彭政閔:獲得四壞球保送，一壘有人"
34,94,1,"7下","桃猿(4)","(6)兄弟",4,"彭政閔",NA,NA,"","","","盜壘","零出局",0,"warning","彭政閔盜壘成功，二壘有人"
36,12,1,"1下","桃猿(2)","(0)兄弟",6,"林威助",NA,NA,"第四棒","彭政閔","內","封殺","二出局",0,"","4.第四棒1B彭政閔:三壘方向滾地球封殺往二壘跑者，三出局"
36,43,1,"4下","桃猿(2)","(1)兄弟",1,NA,NA,NA,"第四棒","彭政閔","內","接殺","零出局",0,"","1.第四棒1B彭政閔:二壘方向平飛球遭到接殺，一出局"
36,70,1,"6下","桃猿(4)","(2)兄弟",1,NA,NA,NA,"第四棒","彭政閔","右","接殺","零出局",0,"","1.第四棒1B彭政閔:右外野飛球遭到接殺，一出局"
36,93,1,"8下","桃猿(4)","(2)兄弟",3,NA,NA,NA,"第四棒","彭政閔","","保送","二出局",0,"","3.第四棒1B彭政閔:獲得四壞球保送，一壘有人"
38,15,1,"1下","統一(0)","(1)兄弟",9,NA,"張正偉",NA,"第四棒","彭政閔","左","左外野安打","二出局",0,"","4.第四棒1B彭政閔:左外野安打，帶有一分打點，一壘有人"
38,42,1,"4下","統一(0)","(1)兄弟",2,NA,NA,NA,"第四棒","彭政閔","右","二壘安打","一出局",0,"","2.第四棒1B彭政閔:右外野二壘安打，二壘有人"
38,66,1,"6下","統一(1)","(1)兄弟",9,NA,"陳子豪",NA,"第四棒","彭政閔","中","接殺","二出局",0,"","4.第四棒1B彭政閔:中外野飛球遭到接殺，三出局"
38,101,1,"8下","統一(3)","(2)兄弟",5,"陳子豪",NA,NA,"第四棒","彭政閔","","保送","一出局",1,"","3.第四棒1B彭政閔:獲得四壞球保送，一二壘有人"
38,102,1,"8下","統一(3)","(2)兄弟",14,"彭政閔","陳子豪",NA,"第五棒","周思齊","中","穿越安打穿越安打觸殺","一出局",1,"warning","4.第五棒DH周思齊:中間方向穿越安打，帶有一分打點，彭政閔上三壘遭到觸殺，一壘有人，二出局"
40,14,1,"1下","統一(1)","(0)兄弟",9,NA,"張正偉",NA,"第四棒","彭政閔","","保送","二出局",0,"","4.第四棒1B彭政閔:獲得四壞球保送，一二壘有人"
40,35,1,"3下","統一(1)","(1)兄弟",5,"林威助",NA,NA,"第四棒","彭政閔","右","接殺","一出局",0,"","4.第四棒1B彭政閔:右外野飛球遭到接殺，二出局"
40,61,1,"6下","統一(1)","(1)兄弟",2,NA,NA,NA,"第四棒","彭政閔","","保送","一出局",0,"","2.第四棒1B彭政閔:獲得四壞球保送，一壘有人"
40,90,1,"8下","統一(2)","(1)兄弟",6,"張正偉",NA,NA,"第四棒","彭政閔","左","穿越安打穿越安打","二出局",1,"","4.第四棒1B彭政閔:三游間穿越安打，帶有一分打點，一壘有人"
40,91,1,"8下","統一(2)","(2)兄弟",6,"彭政閔",NA,NA,"","","","盜壘失敗","二出局",0,"warning","統一(2):(2)兄弟彭政閔盜壘失敗，三出局"
40,127,1,"10下","統一(6)","(3)兄弟",20,NA,"陳弘桂","張正偉","第四棒","彭政閔","","保送","一出局",0,"","5.第四棒1B彭政閔:獲得四壞球保送，形成滿壘"
42,11,1,"1下","統一(0)","(1)兄弟",6,"陳子豪",NA,NA,"第四棒","彭政閔","右","接殺","二出局",0,"","4.第四棒1B彭政閔:右外野飛球遭到接殺，三出局"
42,32,1,"3下","統一(0)","(1)兄弟",6,"陳子豪",NA,NA,"第四棒","彭政閔","左","穿越安打穿越安打","二出局",3,"","5.第四棒1B彭政閔:三游間穿越安打，一二壘有人"
42,57,1,"5下","統一(0)","(4)兄弟",2,NA,NA,NA,"第四棒","彭政閔","內","刺殺","一出局",0,"","2.第四棒1B彭政閔:三壘方向滾地球遭到刺殺，二出局"
42,79,1,"7下","統一(0)","(5)兄弟",5,"郭健瑜",NA,NA,"第四棒","彭政閔","","保送","一出局",0,"","4.第四棒1B彭政閔:獲得四壞球保送，一二壘有人"
45,6,1,"1上","兄弟(1)","(0)義大",5,"郭健瑜",NA,NA,"第四棒","彭政閔","","刺殺","一出局",0,"warning","4.第四棒1B彭政閔:三壘滾地遭刺殺，三壘跑者跑回本壘，帶有一分打點，二出局兄弟(1):(0)義大"
45,48,1,"4上","兄弟(1)","(12)義大",1,NA,NA,NA,"第四棒","彭政閔","","刺殺","零出局",0,"","1.第四棒1B彭政閔:二壘滾地遭刺殺，一出局"
45,71,1,"6上","兄弟(1)","(12)義大",3,NA,NA,NA,"第四棒","彭政閔","","保送","二出局",2,"","3.第四棒1B彭政閔:獲得四壞球保送，一壘有人"
45,94,1,"8上","兄弟(3)","(12)義大",3,NA,NA,NA,"第四棒","彭政閔","","三振","二出局",0,"","3.第四棒1B彭政閔:遭到三振，三出局"
47,12,1,"2上","兄弟(1)","(0)義大",1,NA,NA,NA,"第四棒","彭政閔","","接殺","零出局",0,"","1.第四棒1B彭政閔:一壘界外飛球遭接殺，一出局"
47,32,1,"4上","兄弟(1)","(0)義大",2,NA,NA,NA,"第四棒","彭政閔","","刺殺","一出局",0,"","2.第四棒1B彭政閔:三壘滾地遭刺殺，二出局"
47,54,1,"6上","兄弟(1)","(0)義大",2,NA,NA,NA,"第四棒","彭政閔","右","接殺","一出局",1,"","2.第四棒1B彭政閔:右外野飛球遭到接殺，二出局"
47,80,1,"8上","兄弟(2)","(3)義大",1,NA,NA,NA,"第四棒","彭政閔","左","刺殺","零出局",0,"","1.第四棒1B彭政閔:游擊滾地遭刺殺，一出局"
47,101,1,"9上","兄弟(4)","(5)義大",9,NA,"林威助",NA,"第四棒","彭政閔","中","接殺","二出局",0,"warning","6.第四棒1B彭政閔:中外野飛球遭接殺，三出局比賽結束義大隊以(5)比(4)擊敗兄弟隊"
48,6,1,"1上","兄弟(2)","(0)桃猿",14,"張志豪","張正偉",NA,"第四棒","彭政閔","","保送","一出局",3,"","4.第四棒彭政閔:四壞球保送，滿壘"
48,29,1,"3上","兄弟(3)","(1)桃猿",3,NA,NA,NA,"第四棒","彭政閔","內","刺殺封殺","二出局",0,"warning","3.第四棒彭政閔:內野滾地球，SS接到傳向一壘刺殺，三出局兄弟(3):(1)桃猿"
48,59,1,"6上","兄弟(3)","(4)桃猿",4,"陳子豪",NA,NA,"第四棒","彭政閔","中","接殺盜壘","零出局",0,"warning","2.第四棒彭政閔:外野飛球，遭到CF接殺，一出局盜壘成功，陳子豪上到二壘"
48,81,1,"8上","兄弟(3)","(4)桃猿",8,NA,"張志豪",NA,"第四棒","彭政閔","","三振","一出局",0,"","3.第四棒彭政閔:三振，二出局桃猿再度換投:米吉亞"
50,6,1,"1上","兄弟(1)","(0)桃猿",5,"陳子豪",NA,NA,"第四棒","彭政閔","","保送","一出局",2,"","4.第四棒彭政閔:四壞球保送，跑者分佔一、二壘"
50,24,1,"2上","兄弟(3)","(1)桃猿",15,"陳子豪","張正偉",NA,"第四棒","彭政閔","中","接殺","二出局",0,"warning","5.第四棒彭政閔:外野飛球，遭到CF接殺(NP)，三出局兄弟(3):(1)桃猿"
50,54,1,"5上","兄弟(3)","(3)桃猿",2,NA,NA,NA,"第四棒","彭政閔","","保送盜壘","一出局",1,"warning","2.第四棒彭政閔:四壞球保送盜壘成功，彭政閔上到二壘"
50,78,1,"7上","兄弟(5)","(5)桃猿",1,NA,NA,NA,"第四棒","彭政閔","","接殺","零出局",0,"","2.第四棒彭政閔:界外飛球，遭到1B接殺(NP)，一出局"
52,12,1,"2上","兄弟(0)","(0)桃猿",1,NA,NA,NA,"第四棒","彭政閔","","保送","零出局",0,"","1.第四棒彭政閔:四壞球保送"
52,26,1,"3上","兄弟(1)","(0)桃猿",21,NA,"陳子豪","郭健瑜","第四棒","彭政閔","","保送","二出局",0,"","6.第四棒彭政閔:四壞球保送，滿壘"
52,47,1,"5上","兄弟(1)","(0)桃猿",12,NA,NA,"郭健瑜","第四棒","彭政閔","內","刺殺封殺","二出局",0,"warning","4.第四棒彭政閔:內野滾地球，3B接到傳向一壘刺殺打者，三出局兄弟(1):(0)桃猿"
52,76,1,"8上","兄弟(1)","(2)桃猿",1,NA,NA,NA,"第四棒","彭政閔","右","接殺","零出局",0,"","1.第四棒彭政閔:外野飛球，遭到RF接殺，一出局"
55,14,1,"2上","兄弟(0)","(0)統一",1,NA,NA,NA,"第四棒","彭政閔","中","一壘安打","零出局",1,"","1.第四棒彭政閔:中外野一壘安打"
55,37,1,"4上","兄弟(1)","(1)統一",1,NA,NA,NA,"第四棒","彭政閔","","保送","零出局",0,"","1.第四棒彭政閔:觸身球保送"
55,39,1,"4上","兄弟(1)","(1)統一",5,"彭政閔",NA,NA,"第六棒","郭健瑜","","三振盜壘","一出局",0,"warning","3.第六棒郭健瑜:三振，二出局盜壘成功，彭政閔上到二壘"
55,61,1,"6上","兄弟(1)","(5)統一",5,"陳子豪",NA,NA,"第四棒","彭政閔","","失誤","一出局",1,"warning","3.第四棒彭政閔:(3)B守備失誤，跑者分佔一、三壘"
55,83,1,"8上","兄弟(3)","(5)統一",2,NA,NA,NA,"第四棒","彭政閔","","接殺","一出局",0,"","2.第四棒彭政閔:平飛球遭到1B接殺，二出局"
57,6,1,"1上","兄弟(1)","(0)統一",22,"張正偉","張志豪","陳子豪","第四棒","彭政閔","","三振","零出局",1,"","4.第四棒彭政閔:三振，一出局"
57,28,1,"3上","兄弟(1)","(1)統一",6,"張正偉",NA,NA,"第四棒","彭政閔","右","一壘安打","二出局",0,"","4.第四棒彭政閔:右外野一壘安打，跑者分佔一、三壘"
57,49,1,"5上","兄弟(2)","(1)統一",2,NA,NA,NA,"第四棒","彭政閔","內","封殺","一出局",0,"warning","2.第四棒彭政閔:投手正面強襲球，投手接到傳向一壘使打者出局，二出局"
57,71,1,"7上","兄弟(4)","(1)統一",21,NA,"張志豪","王勝偉","第四棒","彭政閔","右","一壘安打","二出局",0,"warning","5.第四棒彭政閔:右外野一壘安打，帶有2分打點兄弟(4):(1)統一"
57,94,1,"9上","兄弟(5)","(2)統一",11,NA,NA,"張正偉","第四棒","彭政閔","","保送","一出局",1,"","3.第四棒彭政閔:四壞球保送，跑者分佔一、三壘"
58,12,1,"1下","義大(0)","(1)兄弟",14,"張正偉","張志豪",NA,"第四棒","彭政閔","","保送","一出局",1,"","4.第四棒1B彭政閔:獲得四壞球保送，形成滿壘"
58,45,1,"4下","義大(5)","(1)兄弟",1,NA,NA,NA,"第四棒","彭政閔","內","刺殺","零出局",0,"","1.第四棒1B彭政閔:一壘方向滾地球遭到刺殺，一出局"
58,70,1,"7下","義大(5)","(1)兄弟",1,NA,NA,NA,"第四棒","彭政閔","","保送","零出局",0,"","1.第四棒1B彭政閔:獲得四壞球保送，一壘有人"
58,89,1,"8下","義大(5)","(3)兄弟",6,"張正偉",NA,NA,"第四棒","彭政閔","左","二壘安打觸殺","二出局",0,"warning","6.第四棒1B彭政閔:左外野二壘安打，張正偉回本壘遭到觸殺，三出局"
60,11,1,"1下","義大(1)","(0)兄弟",20,NA,"張正偉","張志豪","第四棒","彭政閔","","夾殺","一出局",0,"warning","4.第四棒DH彭政閔:投手正面滾地球，張志豪遭到夾殺，二三壘有人，二出局"
60,36,1,"3下","義大(1)","(3)兄弟",2,NA,NA,NA,"第四棒","彭政閔","","保送","一出局",5,"","5.第四棒DH彭政閔:獲得四壞球保送，一壘有人"
60,57,1,"4下","義大(1)","(8)兄弟",2,NA,NA,NA,"第四棒","彭政閔","","保送","一出局",1,"","2.第四棒DH彭政閔:獲得四壞球保送，一壘有人"
60,72,1,"5下","義大(1)","(9)兄弟",18,"張志豪",NA,"郭健瑜","第四棒","彭政閔","中","接殺","二出局",0,"","5.第四棒DH彭政閔:中外野飛球遭到接殺，三出局"
60,93,1,"7下","義大(1)","(9)兄弟",6,"張正偉",NA,NA,"第四棒","彭政閔","內","封殺","二出局",0,"","4.第四棒DH彭政閔:三壘方向滾地球封殺往二壘跑者，三出局"
62,17,1,"2下","義大(1)","(0)兄弟",1,NA,NA,NA,"第四棒","彭政閔","內","刺殺","零出局",0,"","1.第四棒1B彭政閔:二壘方向滾地球遭到刺殺，一出局"
62,43,1,"5下","義大(1)","(0)兄弟",1,NA,NA,NA,"第四棒","彭政閔","中","穿越安打穿越安打","零出局",0,"","1.第四棒1B彭政閔:中間方向穿越安打，一壘有人"
62,45,1,"5下","義大(1)","(0)兄弟",5,"彭政閔",NA,NA,"","","","盜壘","一出局",0,"warning","彭政閔盜壘成功，二壘有人"
62,69,1,"7下","義大(1)","(0)兄弟",3,NA,NA,NA,"第四棒","彭政閔","","保送","二出局",0,"","3.第四棒1B彭政閔:獲得四壞球保送，一壘有人"
62,95,1,"9下","義大(2)","(0)兄弟",15,"張正偉","張志豪",NA,"第四棒","彭政閔","內","雙殺","二出局",0,"","4.第四棒1B彭政閔:二壘方向滾地球形成雙殺，三出局"
64,24,1,"2上","兄弟(0)","(4)桃猿",1,NA,NA,NA,"第四棒","彭政閔","","三振","零出局",0,"","1.第四棒1B，彭政閔:三振，一出局"
66,6,1,"1上","兄弟(0)","(0)桃猿",6,"張正偉",NA,NA,"第四棒","彭政閔","右","接殺","二出局",0,"","4.第四棒1B，彭政閔:右外野飛球遭接殺，三出局"
66,47,1,"4上","兄弟(1)","(5)桃猿",1,NA,NA,NA,"第四棒","彭政閔","內","內野安打","零出局",0,"","1.第四棒1B，彭政閔:三壘方向內野安打，無人出局一壘有人"
66,73,1,"6上","兄弟(2)","(5)桃猿",1,NA,NA,NA,"第四棒","彭政閔","左","一壘安打","零出局",0,"","1.第四棒1B，彭政閔:左外野平飛一壘安打，無人出局一壘有人"
66,100,1,"8上","兄弟(2)","(5)桃猿",2,NA,NA,NA,"第四棒","彭政閔","","保送","一出局",0,"","2.第四棒1B，彭政閔:四壞球保送，一出局一壘有人"
69,12,1,"2上","兄弟(0)","(0)義大",1,NA,NA,NA,"第四棒","彭政閔","中","形成安打","零出局",2,"","1.第四棒1B彭政閔:中間深遠飛球形成安打，打者上三壘"
69,33,1,"4上","兄弟(2)","(0)義大",1,NA,NA,NA,"第四棒","彭政閔","","三振","零出局",4,"","1.第四棒1B彭政閔:遭到三振，一出局"
69,47,1,"5上","兄弟(6)","(0)義大",4,"張正偉",NA,NA,"第四棒","彭政閔","中","平飛安打","零出局",0,"","2.第四棒1B彭政閔:中間方向平飛安打，一二壘有人"
69,69,1,"7上","兄弟(6)","(1)義大",2,NA,NA,NA,"第四棒","彭政閔","左","刺殺","一出局",0,"","2.第四棒1B彭政閔:游擊滾地遭刺殺，二出局"
71,6,1,"1上","兄弟(0)","(0)義大",6,"周思齊",NA,NA,"第四棒","彭政閔","左","刺殺","二出局",0,"warning","4.第四棒DH彭政閔:游擊滾地遭刺殺，三出局兄弟(0):(0)義大"
71,34,1,"4上","兄弟(0)","(0)義大",8,NA,"黃仕豪",NA,"第四棒","彭政閔","","三振","一出局",0,"","3.第四棒DH彭政閔:遭到三振，二出局"
71,56,1,"6上","兄弟(0)","(0)義大",3,NA,NA,NA,"第四棒","彭政閔","","三振","二出局",0,"","3.第四棒DH彭政閔:遭到三振，三出局兄弟(0):(0)義大"
71,90,1,"9上","兄弟(0)","(5)義大",1,NA,NA,NA,"第四棒","彭政閔","","刺殺","零出局",0,"","1.第四棒DH彭政閔:二壘滾地遭美技撲傳刺殺，一出局"
73,7,1,"1上","兄弟(0)","(0)義大",6,"張志豪",NA,NA,"第四棒","彭政閔","中","接殺","二出局",0,"","4.第四棒1B彭政閔:中間方向飛球遭到接殺(三出局)"
73,30,1,"3上","兄弟(0)","(0)義大",17,"周思齊",NA,"張志豪","第四棒","彭政閔","內","雙殺","一出局",0,"warning","4.第四棒彭政閔:二壘方向滾地球，先傳二壘再傳一壘形成雙殺，三出局"
73,66,1,"6上","兄弟(0)","(2)義大",1,NA,NA,NA,"第四棒","彭政閔","","失誤","零出局",0,"warning","1.第四棒彭政閔:SS發生失誤，打者攻佔一壘"
73,100,1,"8上","兄弟(0)","(4)義大",4,"周思齊",NA,NA,"第四棒","彭政閔","","刺殺","零出局",0,"warning","2.第四棒彭政閔:二壘方向反彈球，2B選擇傳往一壘刺殺打者，跑者上二壘，一出局"
74,20,1,"2下","統一(1)","(0)兄弟",1,NA,NA,NA,"第四棒","彭政閔","","保送","零出局",0,"","1.第四棒1B彭政閔:獲得四壞球保送，一壘有人"
74,45,1,"4下","統一(1)","(0)兄弟",1,NA,NA,NA,"第四棒","彭政閔","中","穿越安打穿越安打","零出局",1,"","1.第四棒1B彭政閔:中間方向穿越安打，一壘有人"
74,47,1,"4下","統一(1)","(0)兄弟",13,"周思齊","彭政閔",NA,"第六棒","黃仕豪","","觸擊","零出局",1,"warning","3.第六棒3B黃仕豪:觸擊成功，彭政閔趁傳回本壘得分，二壘有人，一出局"
74,60,1,"5下","統一(1)","(1)兄弟",6,"陳子豪",NA,NA,"第四棒","彭政閔","內","失誤觸殺","二出局",0,"warning","4.第四棒1B彭政閔:三壘方向滾地球造成3B失誤，陳子豪上三壘遭到觸殺，三出局"
74,97,1,"8下","統一(4)","(1)兄弟",3,NA,NA,NA,"第四棒","彭政閔","左","刺殺","二出局",0,"","3.第四棒1B彭政閔:游擊方向滾地球遭到刺殺，三出局"
76,12,1,"1下","統一(1)","(0)兄弟",6,"周思齊",NA,NA,"第四棒","彭政閔","內","刺殺","二出局",0,"","4.第四棒1B彭政閔:一壘方向滾地球遭到刺殺，三出局"
76,48,1,"4下","統一(2)","(2)兄弟",1,NA,NA,NA,"第四棒","彭政閔","","三振","零出局",0,"","1.第四棒1B彭政閔:遭到三振，一出局"
76,70,1,"6下","統一(2)","(2)兄弟",7,NA,"周思齊",NA,"第四棒","彭政閔","右","高飛犧牲打犧牲短打","零出局",2,"warning","3.第四棒1B彭政閔:右外野飛球形成高飛犧牲打，帶有一分打點，二壘有人，一出局"
76,97,1,"8下","統一(2)","(4)兄弟",4,"周思齊",NA,NA,"第四棒","彭政閔","","保送","零出局",0,"","2.第四棒1B彭政閔:獲得四壞球保送，一二壘有人"
78,13,1,"1下","桃猿(0)","(2)兄弟",7,NA,"棒耐克",NA,"第四棒","彭政閔","內","刺殺","零出局",1,"warning","4.第四棒1B彭政閔:二壘方向滾地球遭到刺殺，推進壘上跑者，三壘有人，一出局"
78,35,1,"3下","桃猿(0)","(3)兄弟",5,"棒耐克",NA,NA,"第四棒","彭政閔","","保送","一出局",0,"","3.第四棒1B彭政閔:獲得四壞球保送，一二壘有人"
78,60,1,"5下","桃猿(2)","(3)兄弟",13,"棒耐克","張志豪",NA,"第四棒","彭政閔","左","雙殺","零出局",1,"warning","3.第四棒1B彭政閔:游擊方向滾地球形成雙殺，張志豪回本壘得分，二出局"
78,101,1,"8下","桃猿(6)","(4)兄弟",1,NA,NA,NA,"第四棒","彭政閔","左","全壘打","零出局",1,"","1.第四棒1B彭政閔:左外野全壘打，帶有一分打點"
78,119,1,"9下","桃猿(6)","(5)兄弟",24,"張志豪","張正偉","王勝偉","第四棒","彭政閔","","三振","二出局",0,"","6.第四棒1B彭政閔:遭到三振，三出局"
80,17,1,"2下","桃猿(1)","(0)兄弟",1,NA,NA,NA,"第四棒","彭政閔","左","刺殺","零出局",0,"","1.第四棒1B彭政閔:游擊方向滾地球遭到刺殺，一出局"
80,36,1,"4下","桃猿(1)","(0)兄弟",5,"張志豪",NA,NA,"第四棒","彭政閔","","三振","一出局",0,"","3.第四棒1B彭政閔:遭到三振，二出局"
80,58,1,"6下","桃猿(1)","(0)兄弟",12,NA,NA,"張志豪","第四棒","彭政閔","","保送","二出局",0,"","4.第四棒1B彭政閔:獲得敬遠四壞球保送，一三壘有人"
80,99,1,"9下","桃猿(3)","(0)兄弟",2,NA,NA,NA,"第四棒","彭政閔","","刺殺","一出局",0,"","2.第四棒1B彭政閔:投手前滾地球遭到刺殺，二出局"
82,12,1,"1下","桃猿(0)","(1)兄弟",6,"耐克",NA,NA,"第四棒","彭政閔","左","二壘安打","二出局",0,"","4.第四棒1B彭政閔:左外野二壘安打，帶有一分打點，二壘有人"
82,55,1,"4下","桃猿(8)","(2)兄弟",1,NA,NA,NA,"第四棒","彭政閔","","保送","零出局",0,"","1.第四棒1B彭政閔:獲得四壞球保送，一壘有人"
82,58,1,"4下","桃猿(8)","(2)兄弟",14,"黃仕豪","彭政閔",NA,"","","","盜壘失敗","一出局",0,"warning","彭政閔盜壘失敗，黃仕豪趁傳上二壘，二壘有人，二出局"
82,77,1,"6下","桃猿(8)","(2)兄弟",4,"耐克",NA,NA,"第四棒","彭政閔","中","高飛犧牲打犧牲短打","零出局",2,"warning","3.第四棒1B彭政閔:中外野飛球形成高飛犧牲打，帶有一分打點，一壘有人，一出局"
82,105,1,"8下","桃猿(9)","(4)兄弟",3,NA,NA,NA,"第四棒","彭政閔","","保送","二出局",0,"","3.第四棒1B彭政閔:遭到觸身球保送，一壘有人"
85,12,1,"1下","義大(1)","(0)兄弟",12,NA,NA,"張正偉","第四棒","彭政閔","右","接殺","二出局",0,"","4.第四棒1B彭政閔:右外野飛球遭到接殺，三出局"
85,57,1,"4下","義大(8)","(0)兄弟",3,NA,NA,NA,"第四棒","彭政閔","左","刺殺","二出局",0,"","3.第四棒1B彭政閔:游擊方向滾地球遭到刺殺，三出局"
85,80,1,"6下","義大(8)","(2)兄弟",11,NA,NA,"張正偉","第四棒","彭政閔","","三振","一出局",0,"","5.第四棒1B彭政閔:遭到三振，二出局"
85,106,1,"8下","義大(9)","(2)兄弟",9,NA,"耐克",NA,"第四棒","彭政閔","內","刺殺","二出局",0,"","4.第四棒1B彭政閔:一壘方向滾地球遭到刺殺，三出局"
87,19,1,"2下","義大(1)","(0)兄弟",1,NA,NA,NA,"第四棒","彭政閔","","三振","零出局",0,"","1.第四棒1B彭政閔:遭到三振，一出局"
87,38,1,"4下","義大(1)","(0)兄弟",3,NA,NA,NA,"第四棒","彭政閔","","三振","二出局",0,"","3.第四棒1B彭政閔:遭到三振，三出局"
87,67,1,"7下","義大(1)","(0)兄弟",2,NA,NA,NA,"第四棒","彭政閔","內","接殺","一出局",0,"","2.第四棒1B彭政閔:三壘方向平飛球遭到接殺，二出局"
88,7,1,"1上","兄弟(1)","(0)統一",5,"耐克",NA,NA,"第四棒","彭政閔","","保送","一出局",0,"","4.第四棒1B彭政閔:四壞球保送，形成一二壘有人"
88,30,1,"2上","兄弟(5)","(0)統一",9,NA,"耐克",NA,"第四棒","彭政閔","","保送","二出局",1,"","8.第四棒1B彭政閔:四壞球保送，形成一二壘有人"
88,50,1,"3上","兄弟(9)","(0)統一",9,NA,"陳子豪",NA,"第四棒","彭政閔","內","失誤","二出局",1,"warning","7.第四棒1B彭政閔:三壘方向滾地球，3B發生失誤，一三壘有人"
88,78,1,"5上","兄弟(10)","(0)統一",5,"耐克",NA,NA,"第四棒","彭政閔","","保送","一出局",6,"","3.第四棒1B彭政閔:四壞球保送，形成一二壘有人"
90,7,1,"1上","兄弟(1)","(0)統一",3,NA,NA,NA,"第四棒","彭政閔","右","接殺","二出局",0,"","4.第四棒1B彭政閔:右外野方向飛球被接殺，三出局"
90,41,1,"4上","兄弟(2)","(0)統一",1,NA,NA,NA,"第四棒","彭政閔","右","二壘安打","零出局",0,"","1.第四棒1B彭政閔:中右外野方向二壘安打"
90,64,1,"6上","兄弟(2)","(0)統一",3,NA,NA,NA,"第四棒","彭政閔","左","雙殺","二出局",0,"warning","3.第四棒1B彭政閔:游擊方向滾地球，SS接球後先傳二壘再傳一壘形成雙殺，三出局"
90,106,1,"9上","兄弟(2)","(3)統一",3,NA,NA,NA,"第四棒","彭政閔","內","刺殺封殺","二出局",0,"warning","3.第四棒1B彭政閔:三壘方向滾地球，3B接球後傳一壘將打者刺殺出局，三出局"
92,7,1,"1上","兄弟(1)","(0)統一",16,"耐克",NA,"陳子豪","第四棒","彭政閔","左","雙殺","零出局",1,"warning","4.第四棒1B彭政閔:游擊方向滾地球，SS接球後先傳二壘再傳一壘形成雙殺，二出局，三壘上跑者回到本壘得分"
92,36,1,"3上","兄弟(3)","(2)統一",4,"耐克",NA,NA,"第四棒","彭政閔","左","一壘安打","零出局",1,"warning","2.第四棒1B彭政閔:左外野方向一壘安打，加上野手選擇上到二壘，原一壘上跑者上到三壘"
92,62,1,"5上","兄弟(4)","(2)統一",3,NA,NA,NA,"第四棒","彭政閔","右","一壘安打","二出局",0,"","3.第四棒1B彭政閔:右外野方向一壘安打"
92,112,1,"8上","兄弟(4)","(8)統一",2,NA,NA,NA,"第四棒","彭政閔","右","二壘安打","一出局",0,"","2.第四棒1B彭政閔:中右外野方向二壘安打"
94,21,1,"2上","兄弟(0)","(6)義大",1,NA,NA,NA,"第四棒","彭政閔","","三振","零出局",0,"","1.第四棒彭政閔:揮棒落空遭到三振，一出局"
94,40,1,"4上","兄弟(0)","(6)義大",1,NA,NA,NA,"第四棒","彭政閔","內","失誤","零出局",0,"warning","3.第四棒彭政閔:三壘方向滾地球，造成3B接球失誤，打者上一壘"
94,61,1,"6上","兄弟(2)","(6)義大",4,"耐克",NA,NA,"第四棒","彭政閔","","三振","零出局",0,"","2.第四棒彭政閔:揮棒落空遭到三振，一出局"
96,6,1,"1上","兄弟(2)","(0)義大",6,"耐克",NA,NA,"第四棒","彭政閔","右","全壘打","二出局",0,"warning","4.第四棒1B彭政閔:右外野全壘打，帶有兩分打點兄弟(2):(0)義大"
96,35,1,"4上","兄弟(2)","(2)義大",2,NA,NA,NA,"第四棒","彭政閔","","刺殺","一出局",0,"","2.第四棒1B彭政閔:二壘滾地遭到刺殺，二出局"
96,64,1,"7上","兄弟(2)","(5)義大",1,NA,NA,NA,"第四棒","彭政閔","左","刺殺","零出局",0,"","1.第四棒1B彭政閔:游擊滾地遭到刺殺，一出局"
96,87,1,"9上","兄弟(2)","(5)義大",4,"耐克",NA,NA,"第四棒","彭政閔","","三振","零出局",0,"","2.第四棒1B彭政閔:遭到三振，一出局"
98,17,1,"2下","統一(0)","(1)兄弟",1,NA,NA,NA,"第四棒","彭政閔","中","穿越安打穿越安打","零出局",0,"","1.第四棒1B彭政閔:中間方向穿越安打，一壘有人"
98,38,1,"4下","統一(0)","(1)兄弟",5,"耐克",NA,NA,"第四棒","彭政閔","左","刺殺","一出局",0,"warning","3.第四棒1B彭政閔:游擊方向滾地球遭到刺殺，推進壘上跑者，二壘有人，二出局"
98,61,1,"6下","統一(1)","(1)兄弟",1,NA,NA,NA,"第四棒","彭政閔","左","失誤","零出局",2,"warning","1.第四棒1B彭政閔:游擊方向滾地球造成SS守備失誤，一壘有人"
98,89,1,"8下","統一(1)","(3)兄弟",4,"耐克",NA,NA,"第四棒","彭政閔","右","接殺","零出局",0,"","2.第四棒1B彭政閔:右外野飛球遭到接殺，一出局"
100,12,1,"1下","統一(1)","(0)兄弟",9,NA,"耐克",NA,"第四棒","彭政閔","","刺殺","二出局",0,"","4.第四棒1B彭政閔:投手前滾地球遭到刺殺，三出局"
100,35,1,"3下","統一(1)","(0)兄弟",13,"耐克","張正偉",NA,"第四棒","彭政閔","左","雙殺","零出局",0,"","3.第四棒1B彭政閔:游擊方向滾地球形成雙殺，三壘有人，二出局"
100,57,1,"4下","統一(2)","(3)兄弟",18,"耐克",NA,"張正偉","第四棒","彭政閔","右","接殺","二出局",0,"","8.第四棒1B彭政閔:右外野飛球遭到接殺，三出局"
100,89,1,"7下","統一(3)","(3)兄弟",5,"耐克",NA,NA,"第四棒","彭政閔","內","刺殺","一出局",1,"warning","3.第四棒1B彭政閔:一壘方向滾地球遭到刺殺，推進壘上跑者，二壘有人，二出局"
100,126,1,"9下","統一(8)","(4)兄弟",5,"張正偉",NA,NA,"第四棒","彭政閔","","三振","一出局",1,"","3.第四棒1B彭政閔:遭到三振，二出局"
102,12,1,"1下","統一(1)","(0)兄弟",15,"張正偉","郭健瑜",NA,"第四棒","彭政閔","左","雙殺","二出局",0,"","4.第四棒DH彭政閔:游擊方向滾地球形成雙殺，三出局"
102,38,1,"3下","統一(1)","(3)兄弟",3,NA,NA,NA,"第四棒","彭政閔","","三振","二出局",0,"","3.第四棒DH彭政閔:遭到三振，三出局"
102,71,1,"5下","統一(5)","(4)兄弟",5,"耐克",NA,NA,"第四棒","彭政閔","左","穿越安打穿越安打","一出局",1,"","4.第四棒DH彭政閔:三游間穿越安打，帶有一分打點，一二壘有人"
102,99,1,"7下","統一(6)","(6)兄弟",2,NA,NA,NA,"第四棒","彭政閔","","保送","一出局",0,"","2.第四棒DH彭政閔:獲得四壞球保送，一壘有人"
105,11,1,"1下","桃猿(0)","(2)兄弟",6,"張正偉",NA,NA,"第四棒","彭政閔","左","全壘打","二出局",0,"","4.第四棒DH彭政閔:左外野全壘打，帶有兩分打點"
105,31,1,"2下","桃猿(0)","(6)兄弟",9,NA,"耐克",NA,"第四棒","彭政閔","","刺殺","二出局",0,"","8.第四棒DH彭政閔:投手正面滾地球遭到刺殺，三出局"
105,49,1,"3下","桃猿(0)","(12)兄弟",15,"張正偉","王勝偉",NA,"第四棒","彭政閔","右","接殺","二出局",0,"","9.第四棒DH彭政閔:右外野飛球遭到接殺，三出局"
105,73,1,"5下","桃猿(0)","(12)兄弟",24,"耐克","張正偉","王勝偉","第四棒","彭政閔","中","穿越安打穿越安打","二出局",4,"","6.第四棒DH彭政閔:中間方向穿越安打，帶有兩分打點，一二壘有人"
105,105,1,"7下","桃猿(2)","(16)兄弟",2,NA,NA,NA,"第四棒","彭政閔","中","接殺","一出局",0,"","2.第四棒DH彭政閔:中外野飛球遭到接殺，二出局"
106,11,1,"1下","桃猿(0)","(1)兄弟",6,"張正偉",NA,NA,"第四棒","彭政閔","","三振","二出局",0,"","4.第四棒DH彭政閔:遭到三振，三出局"
106,37,1,"4下","桃猿(0)","(1)兄弟",4,"周思齊",NA,NA,"第四棒","彭政閔","","三振","零出局",0,"","2.第四棒DH彭政閔:遭到三振，一出局"
106,74,1,"7下","桃猿(3)","(1)兄弟",1,NA,NA,NA,"第四棒","彭政閔","中","接殺","零出局",0,"","1.第四棒DH彭政閔:中外野飛球遭到接殺，一出局"
106,108,1,"9下","桃猿(6)","(1)兄弟",2,NA,NA,NA,"第四棒","彭政閔","","保送","一出局",0,"","2.第四棒DH彭政閔:遭到觸身球保送，一壘有人"
108,18,1,"2下","義大(0)","(1)兄弟",1,NA,NA,NA,"第四棒","彭政閔","左","刺殺","零出局",0,"","1.第四棒1B彭政閔:游擊方向滾地球遭到刺殺，一出局"
108,39,1,"4下","義大(0)","(1)兄弟",7,NA,"周思齊",NA,"第四棒","彭政閔","","保送","零出局",1,"","2.第四棒1B彭政閔:獲得四壞球保送，一二壘有人"
108,60,1,"5下","義大(2)","(2)兄弟",18,"周思齊",NA,"張正偉","第四棒","彭政閔","左","左外野安打","二出局",2,"","5.第四棒1B彭政閔:左外野安打，帶有兩分打點，一壘有人"
108,88,1,"8下","義大(2)","(4)兄弟",2,NA,NA,NA,"第四棒","彭政閔","中","中外野安打","一出局",0,"","2.第四棒1B彭政閔:中外野安打，一壘有人"
110,12,1,"1下","義大(0)","(2)兄弟",5,"張正偉",NA,NA,"第四棒","彭政閔","右","接殺","一出局",0,"","4.第四棒DH彭政閔:右外野飛球遭到接殺，二出局"
110,32,1,"3下","義大(0)","(2)兄弟",3,NA,NA,NA,"第四棒","彭政閔","左","二壘安打","二出局",0,"","3.第四棒DH彭政閔:三游間穿越二壘安打，二壘有人"
110,52,1,"5下","義大(0)","(2)兄弟",11,NA,NA,"張志豪","第四棒","彭政閔","內","觸殺","一出局",0,"warning","3.第四棒DH彭政閔:三壘方向滾地球觸殺往本壘跑者，一壘有人，二出局"
110,75,1,"7下","義大(0)","(4)兄弟",2,NA,NA,NA,"第四棒","彭政閔","","三振","一出局",0,"","2.第四棒DH彭政閔:遭到三振，二出局"
112,15,1,"1下","義大(1)","(0)兄弟",18,"周思齊",NA,"陳子豪","第四棒","彭政閔","中","接殺觸殺","二出局",0,"warning","4.第四棒1B彭政閔:中外野飛球遭到接殺，陳子豪回本壘遭到觸殺，三出局"
112,37,1,"3下","義大(1)","(0)兄弟",6,"耐克",NA,NA,"第四棒","彭政閔","","保送","二出局",0,"","4.第四棒1B彭政閔:獲得四壞球保送，一二壘有人"
112,65,1,"6下","義大(1)","(0)兄弟",4,"周思齊",NA,NA,"第四棒","彭政閔","","三振","零出局",0,"","2.第四棒1B彭政閔:遭到三振，一出局"
112,88,1,"7下","義大(1)","(3)兄弟",6,"周思齊",NA,NA,"第四棒","彭政閔","內","刺殺","二出局",0,"","7.第四棒1B彭政閔:二壘方向滾地球遭到刺殺，三出局"
114,14,1,"2上","兄弟(0)","(1)統一",1,NA,NA,NA,"第四棒","彭政閔","內","刺殺封殺","零出局",0,"","1.第四棒彭政閔:內野滾地球，SS接到傳向一壘刺殺打者，一出局"
114,38,1,"5上","兄弟(0)","(1)統一",1,NA,NA,NA,"第四棒","彭政閔","右","一壘安打","零出局",0,"","1.第四棒彭政閔:右外野一壘安打"
114,39,1,"5上","兄弟(0)","(1)統一",4,"彭政閔",NA,NA,"","","","盜壘失敗","零出局",0,"warning","2.彭政閔盜二壘失敗，一出局"
114,63,1,"7上","兄弟(0)","(2)統一",6,"耐克",NA,NA,"第四棒","彭政閔","內","刺殺封殺","二出局",0,"warning","4.第四棒彭政閔:內野滾地球，3B接到傳向一壘刺殺打者，三出局兄弟(0):(2)統一"
114,88,1,"9上","兄弟(1)","(2)統一",15,"簡富智","陳威儒",NA,"第四棒","彭政閔","中","中外野安打","二出局",0,"warning","5.第四棒彭政閔:中外野安打，帶有1分打點，打者趁傳上到二壘，跑者分佔二、三壘兄弟(1):(2)統一"
115,12,1,"2上","兄弟(0)","(0)桃猿",1,NA,NA,NA,"第四棒","彭政閔","","三振","零出局",0,"","1.第四棒彭政閔:三振，一出局"
115,36,1,"4上","兄弟(0)","(2)桃猿",21,NA,"周思齊","張正偉","第四棒","彭政閔","","三振","二出局",0,"","4.第四棒彭政閔:三振，三出局兄弟(0):(2)桃猿"
115,68,1,"7上","兄弟(1)","(5)桃猿",11,NA,NA,"黃仕豪","第四棒","彭政閔","內","刺殺封殺","一出局",0,"warning","3.第四棒彭政閔:內野滾地球，2B接到傳向一壘刺殺打者，帶有1分打點，二出局兄弟(1):(5)桃猿"
115,92,1,"9上","兄弟(1)","(6)桃猿",6,"黃仕豪",NA,NA,"第四棒","彭政閔","內","刺殺封殺","二出局",0,"warning","4.第四棒彭政閔:內野滾地球，SS接到傳向一壘刺殺打者，三出局比賽結束，兄弟(1):(6)桃猿"
117,7,1,"1上","兄弟(1)","(0)桃猿",11,NA,NA,"周思齊","第四棒","彭政閔","","接殺","一出局",0,"","5.第四棒彭政閔:擊出飛球遭到2B接殺，二出局"
117,40,1,"4上","兄弟(1)","(4)桃猿",1,NA,NA,NA,"第四棒","彭政閔","左","接殺","零出局",0,"","1.第四棒彭政閔:擊出飛球遭到LF接殺，一出局"
117,59,1,"6上","兄弟(2)","(4)桃猿",9,NA,"周思齊",NA,"第四棒","彭政閔","左","二壘安打","二出局",0,"warning","4.第四棒彭政閔:左外野二壘安打，帶有1分打點兄弟(2):(4)桃猿"
117,80,1,"8上","兄弟(3)","(4)桃猿",15,"郭健瑜","張正偉",NA,"第四棒","彭政閔","中","中外野安打","二出局",0,"warning","5.第四棒彭政閔:中外野安打，帶有1分打點，跑者分佔一、三壘兄弟(3):(4)桃猿桃猿更換投手:陳禹勳"
119,12,1,"2上","兄弟(0)","(0)桃猿",1,NA,NA,NA,"第四棒","彭政閔","","接殺","零出局",0,"","1.第四棒彭政閔:擊出飛球遭到SS接殺，一出局"
119,28,1,"3上","兄弟(1)","(0)桃猿",15,"郭健瑜","張正偉",NA,"第四棒","彭政閔","","保送","二出局",2,"","6.第四棒彭政閔:四壞球保送，滿壘"
119,49,1,"5上","兄弟(3)","(0)桃猿",3,NA,NA,NA,"第四棒","彭政閔","中","二壘安打","二出局",0,"","3.第四棒彭政閔:中外野二壘安打"
119,80,1,"8上","兄弟(4)","(1)桃猿",1,NA,NA,NA,"第四棒","彭政閔","","失誤","零出局",1,"warning","1.第四棒彭政閔:SS接球失誤，打者上到一壘"
121,6,1,"1上","兄弟(0)","(0)桃猿",18,"耐克",NA,"張志豪","第四棒","彭政閔","","三振觸殺","二出局",0,"warning","4.第四棒彭政閔:三振，二出局原三壘跑者張志豪在本壘前遭到觸殺，三出局兄弟(0):(0)桃猿"
121,33,1,"4上","兄弟(0)","(0)桃猿",2,NA,NA,NA,"第四棒","彭政閔","左","一壘安打","一出局",0,"","2.第四棒彭政閔:游擊方向穿越一壘安打"
121,34,1,"4上","兄弟(0)","(0)桃猿",5,"彭政閔",NA,NA,"第五棒","周思齊","右","二壘安打","一出局",0,"warning","3.第五棒周思齊:右外野二壘安打；跑者彭政閔非法跑壘，二出局"
121,52,1,"6上","兄弟(0)","(0)桃猿",5,"耐克",NA,NA,"第四棒","彭政閔","內","刺殺封殺","一出局",0,"","3.第四棒彭政閔:內野滾地球，2B接到傳向一壘刺殺打者，二出局"
121,73,1,"8上","兄弟(1)","(0)桃猿",1,NA,NA,NA,"第四棒","彭政閔","左","一壘安打","零出局",0,"","1.第四棒彭政閔:左外野一壘安打"
123,6,1,"1上","兄弟(0)","(0)桃猿",9,NA,"張志豪",NA,"第四棒","彭政閔","","保送","二出局",0,"","4.第四棒彭政閔:四壞球保送"
123,29,1,"3上","兄弟(0)","(1)桃猿",4,"耐克",NA,NA,"第四棒","彭政閔","內","封殺盜壘失敗","零出局",0,"warning","2.第四棒彭政閔:內野滾地球，3B接到傳向二壘使跑者出局，打者上到一壘，一出局彭政閔盜二壘失敗，二出局"
123,29,2,"3上","兄弟(0)","(1)桃猿",4,"彭政閔",NA,NA,"","","","","零出局",0,"","彭政閔盜二壘失敗，二出局"
123,56,1,"6上","兄弟(0)","(1)桃猿",1,NA,NA,NA,"第四棒","彭政閔","中","接殺","零出局",0,"","1.第四棒彭政閔:擊出飛球遭到CF接殺(NP)，一出局"
123,70,1,"7上","兄弟(3)","(1)桃猿",22,"耐克","張志豪","張正偉","第四棒","彭政閔","","保送","零出局",4,"warning","7.第四棒彭政閔:四壞球保送，帶有1分打點，滿壘兄弟(3):(1)桃猿桃猿更換投手:林國裕"
123,81,1,"8上","兄弟(9)","(2)桃猿",1,NA,NA,NA,"第四棒","彭政閔","右","接殺","零出局",0,"","1.第四棒彭政閔:擊出飛球遭到RF接殺，一出局"
125,6,1,"1上","兄弟(1)","(0)桃猿",8,NA,"耐克",NA,"第四棒","彭政閔","內","刺殺封殺","一出局",0,"warning","4.第四棒彭政閔:內野滾地球，2B接到傳向一壘刺殺打者，跑者上到三壘，二出局"
125,27,1,"3上","兄弟(1)","(0)桃猿",3,NA,NA,NA,"第四棒","彭政閔","右","接殺","二出局",0,"warning","3.第四棒彭政閔:擊出飛球遭到RF接殺，三出局兄弟(1):(0)桃猿"
125,51,1,"5上","兄弟(2)","(2)桃猿",3,NA,NA,NA,"第四棒","彭政閔","內","刺殺封殺","二出局",0,"warning","3.第四棒彭政閔:內野滾地球，3B接到傳向一壘刺殺打者，三出局兄弟(2):(2)桃猿"
125,74,1,"7上","兄弟(3)","(2)桃猿",3,NA,NA,NA,"第四棒","彭政閔","","保送","二出局",0,"warning","4.第四棒彭政閔:四壞球保送，暴投使三壘上跑者張正偉回到本壘得分兄弟(3):(2)桃猿"
125,95,1,"9上","兄弟(3)","(3)桃猿",20,NA,"耐克","張志豪","第四棒","彭政閔","","三振","一出局",2,"","4.第四棒彭政閔:三振，二出局"
127,14,1,"2上","兄弟(0)","(0)統一",1,NA,NA,NA,"第四棒","彭政閔","內","內野安打","零出局",0,"","1.第四棒彭政閔:內野滾地球，形成內野安打"
127,38,1,"4上","兄弟(0)","(3)統一",2,NA,NA,NA,"第四棒","彭政閔","左","一壘安打","一出局",2,"","2.第四棒彭政閔:左外野一壘安打"
127,57,1,"5上","兄弟(2)","(7)統一",21,NA,"張志豪","王勝偉","第四棒","彭政閔","","保送","二出局",0,"","5.第四棒彭政閔:四壞球保送，滿壘"
127,78,1,"7上","兄弟(2)","(7)統一",9,NA,"張志豪",NA,"第四棒","彭政閔","內","刺殺封殺","二出局",0,"warning","4.第四棒彭政閔:內野滾地球，SS接到傳向一壘刺殺打者，三出局兄弟(2):(7)統一"
129,6,1,"1上","兄弟(1)","(0)統一",3,NA,NA,NA,"第四棒","彭政閔","右","接殺","二出局",0,"warning","4.第四棒彭政閔:擊出飛球遭到RF接殺，三出局兄弟(1):(0)統一"
129,33,1,"4上","兄弟(1)","(0)統一",1,NA,NA,NA,"第四棒","彭政閔","中","接殺","零出局",0,"","1.第四棒彭政閔:擊出飛球遭到CF接殺，一出局"
129,55,1,"6上","兄弟(1)","(1)統一",5,"張志豪",NA,NA,"第四棒","彭政閔","左","一壘安打","一出局",0,"","3.第四棒彭政閔:三游間穿越一壘安打，跑者分佔一、二壘"
129,80,1,"8上","兄弟(3)","(1)統一",1,NA,NA,NA,"第四棒","彭政閔","右","一壘安打","零出局",3,"","1.第四棒彭政閔:右外野一壘安打"
132,14,1,"1下","義大(0)","(1)兄弟",17,"耐克",NA,"張志豪","第四棒","彭政閔","右","接殺","一出局",0,"","4.第四棒1B彭政閔:右外野飛球遭到接殺，二出局"
132,40,1,"3下","義大(1)","(2)兄弟",15,"耐克","張志豪",NA,"第四棒","彭政閔","右","接殺","二出局",0,"","6.第四棒1B彭政閔:右外野飛球遭到接殺，三出局"
132,62,1,"5下","義大(1)","(2)兄弟",18,"耐克",NA,"張志豪","第四棒","彭政閔","左","全壘打","二出局",3,"","5.第四棒1B彭政閔:左外野全壘打，帶有3分打點"
132,94,1,"8下","義大(1)","(5)兄弟",2,NA,NA,NA,"第四棒","彭政閔","中","接殺","一出局",0,"","2.第四棒1B彭政閔:中外野飛球遭到接殺，二出局"
134,13,1,"1下","義大(0)","(1)兄弟",14,"周思齊","張正偉",NA,"第四棒","彭政閔","右","穿越安打穿越安打","一出局",3,"","4.第四棒1B彭政閔:一二壘間穿越安打，帶有一分打點，一二壘有人"
134,40,1,"3下","義大(1)","(4)兄弟",1,NA,NA,NA,"第四棒","彭政閔","中","中外野安打","零出局",0,"","1.第四棒1B彭政閔:中外野安打，一壘有人"
134,61,1,"5下","義大(1)","(4)兄弟",1,NA,NA,NA,"第四棒","彭政閔","內","刺殺","零出局",0,"","1.第四棒1B彭政閔:三壘方向滾地球遭到刺殺，一出局"
134,86,1,"7下","義大(3)","(4)兄弟",6,"周思齊",NA,NA,"第四棒","彭政閔","","保送","二出局",0,"","4.第四棒1B彭政閔:獲得四壞球保送，一二壘有人"
136,16,1,"2下","義大(1)","(0)兄弟",1,NA,NA,NA,"第四棒","彭政閔","右","接殺","零出局",0,"","1.第四棒1B彭政閔:右外野飛球遭到接殺，一出局"
136,38,1,"4下","義大(1)","(0)兄弟",3,NA,NA,NA,"第四棒","彭政閔","左","左外野安打","二出局",0,"","3.第四棒1B彭政閔:左外野安打，一壘有人"
136,67,1,"7下","義大(1)","(1)兄弟",1,NA,NA,NA,"第四棒","彭政閔","","刺殺","零出局",0,"","1.第四棒1B彭政閔:投手前滾地球遭到刺殺，一出局"
136,85,1,"8下","義大(1)","(2)兄弟",15,"張正偉","黃鈞聲",NA,"第四棒","彭政閔","內","刺殺","二出局",0,"","6.第四棒1B彭政閔:二壘方向滾地球遭到刺殺，三出局"
137,18,1,"1下","桃猿(2)","(0)兄弟",6,"耐克",NA,NA,"第四棒","彭政閔","","三振","二出局",0,"","4.第四棒1B彭政閔:遭到三振，三出局"
137,46,1,"4下","桃猿(2)","(0)兄弟",1,NA,NA,NA,"第四棒","彭政閔","左","全壘打","零出局",2,"","1.第四棒1B彭政閔:左外野全壘打，帶有一分打點"
137,70,1,"6下","桃猿(2)","(2)兄弟",1,NA,NA,NA,"第四棒","彭政閔","","刺殺","零出局",0,"","1.第四棒1B彭政閔:投手前滾地球遭到刺殺，一出局"
137,94,1,"7下","桃猿(3)","(5)兄弟",6,"張志豪",NA,NA,"第四棒","彭政閔","右","穿越安打穿越安打","二出局",1,"","7.第四棒1B彭政閔:一二壘間穿越安打，一三壘有人"
139,13,1,"1下","桃猿(0)","(1)兄弟",5,"耐克",NA,NA,"第四棒","彭政閔","","保送","一出局",3,"","4.第四棒1B彭政閔:獲得四壞球保送，一二壘有人"
139,15,1,"1下","桃猿(0)","(1)兄弟",23,"周思齊","彭政閔","耐克","第六棒","陳子豪","內","失誤","一出局",3,"warning","6.第六棒LF陳子豪:一壘方向滾地球選擇傳向本壘，帶有一分打點，彭政閔靠1B傳球失誤回本壘得分，二三壘有人"
139,42,1,"3下","桃猿(3)","(4)兄弟",1,NA,NA,NA,"第四棒","彭政閔","右","接殺","零出局",0,"","1.第四棒1B彭政閔:右外野飛球遭到接殺，一出局"
139,74,1,"6下","桃猿(6)","(4)兄弟",1,NA,NA,NA,"第四棒","彭政閔","左","左外野安打","零出局",0,"","1.第四棒1B彭政閔:左外野安打，一壘有人"
139,76,1,"6下","桃猿(6)","(4)兄弟",5,"彭政閔",NA,NA,"","","","盜壘","一出局",0,"warning","彭政閔盜壘成功，二壘有人"
139,109,1,"8下","桃猿(8)","(4)兄弟",4,"耐克",NA,NA,"第四棒","彭政閔","內","內野安打","零出局",1,"","2.第四棒1B彭政閔:內野安打，一二壘有人"
139,113,1,"8下","桃猿(8)","(5)兄弟",14,"陳子豪","彭政閔",NA,"","","","","一出局",0,"","桃猿(8):(5)兄弟彭政閔遭到牽制，二出局"
141,18,1,"2下","統一(0)","(1)兄弟",1,NA,NA,NA,"第四棒","彭政閔","右","接殺","零出局",0,"","1.第四棒1B彭政閔:右外野飛球遭到接殺，一出局"
141,42,1,"4下","統一(1)","(1)兄弟",1,NA,NA,NA,"第四棒","彭政閔","左","穿越安打穿越安打","零出局",1,"","1.第四棒1B彭政閔:三游間穿越安打，一壘有人"
141,67,1,"6下","統一(1)","(2)兄弟",3,NA,NA,NA,"第四棒","彭政閔","","三振","二出局",0,"","3.第四棒1B彭政閔:遭到三振，三出局"
141,106,1,"9下","統一(3)","(2)兄弟",3,NA,NA,NA,"第四棒","彭政閔","左","穿越安打穿越安打","二出局",0,"","3.第四棒1B彭政閔:三游間穿越安打，一壘有人"
143,18,1,"2下","統一(1)","(0)兄弟",1,NA,NA,NA,"第四棒","彭政閔","","保送","零出局",0,"","1.第四棒1B彭政閔:獲得四壞球保送，一壘有人"
143,40,1,"4下","統一(1)","(0)兄弟",3,NA,NA,NA,"第四棒","彭政閔","","保送","二出局",0,"","3.第四棒1B彭政閔:獲得四壞球保送，一壘有人"
143,73,1,"7下","統一(1)","(0)兄弟",1,NA,NA,NA,"第四棒","彭政閔","","接殺","零出局",0,"","1.第四棒1B彭政閔:二壘後方飛球遭到接殺，一出局"
145,11,1,"1下","統一(1)","(0)兄弟",6,"耐克",NA,NA,"第四棒","彭政閔","內","刺殺","二出局",0,"","4.第四棒1B彭政閔:二壘方向滾地球遭到刺殺，三出局"
145,39,1,"4下","統一(1)","(0)兄弟",2,NA,NA,NA,"第四棒","彭政閔","右","二壘安打","一出局",0,"","2.第四棒1B彭政閔:右外野二壘安打，二壘有人"
145,74,1,"7下","統一(3)","(0)兄弟",1,NA,NA,NA,"第四棒","彭政閔","","刺殺","零出局",0,"","1.第四棒1B彭政閔:投手正面滾地球遭到刺殺，一出局"
145,101,1,"9下","統一(4)","(0)兄弟",5,"耐克",NA,NA,"第四棒","彭政閔","左","穿越安打穿越安打","一出局",3,"","3.第四棒1B彭政閔:三游間穿越安打，一二壘有人"
147,6,1,"1上","兄弟(0)","(0)義大",6,"張志豪",NA,NA,"第四棒","彭政閔","","觸殺","二出局",0,"warning","4.第四棒1B彭政閔:打擊時一壘跑者盜二壘遭到觸殺，三出局兄弟(0):(0)義大"
147,13,1,"2上","兄弟(0)","(0)義大",1,NA,NA,NA,"第四棒","彭政閔","中","德州安打","零出局",2,"","1.第四棒1B彭政閔:中間方向德州安打上一壘"
147,27,1,"3上","兄弟(3)","(0)義大",11,NA,NA,"張志豪","第四棒","彭政閔","右","","一出局",0,"warning","3.第四棒1B彭政閔:右外野方向安打，送回三壘跑者，帶有一分打點，打者上一壘兄弟(3):(0)義大"
147,49,1,"5上","兄弟(4)","(2)義大",14,"周思齊","張正偉",NA,"第四棒","彭政閔","右","穿越安打穿越安打","一出局",6,"warning","4.第四棒1B彭政閔:右外野方向穿越安打，送回二壘跑者，帶有一分打點，一二壘有人兄弟(4):(2)義大"
147,62,1,"6上","兄弟(10)","(2)義大",4,"周思齊",NA,NA,"第四棒","彭政閔","內","封殺","零出局",2,"warning","2.第四棒1B彭政閔:二壘方向滾地球傳二壘封殺跑者，一出局，再傳一壘時暴傳，打者上二壘"
147,86,1,"8上","兄弟(12)","(3)義大",1,NA,NA,NA,"第四棒","彭政閔","左","","零出局",1,"","1.第四棒1B彭政閔:中左外野深遠安打上一壘"
147,104,1,"9上","兄弟(13)","(4)義大",3,NA,NA,NA,"第四棒","彭政閔","中","接殺","二出局",0,"warning","3.第四棒1B彭政閔:中外野方向飛球遭到接殺，三出局兄弟(13):(4)義大"
149,6,1,"1上","兄弟(3)","(0)義大",9,NA,"張正偉",NA,"第四棒","彭政閔","","保送","二出局",0,"","4.第四棒1B彭政閔:獲得四壞球保送，一二壘有人"
149,28,1,"3上","兄弟(3)","(0)義大",1,NA,NA,NA,"第四棒","彭政閔","右","接殺","零出局",5,"","1.第四棒1B彭政閔:右外野方向飛球遭到接殺，一出局"
149,47,1,"4上","兄弟(8)","(4)義大",2,NA,NA,NA,"第四棒","彭政閔","","保送","一出局",1,"","2.第四棒1B彭政閔:獲得四壞球保送上一壘"
149,80,1,"6上","兄弟(10)","(11)義大",2,NA,NA,NA,"第四棒","彭政閔","","三振","一出局",0,"","2.第四棒1B彭政閔:遭到三振，二出局"
149,103,1,"8上","兄弟(10)","(12)義大",2,NA,NA,NA,"第四棒","彭政閔","右","接殺","一出局",0,"","2.第四棒1B彭政閔:右外野方向飛球遭到接殺，二出局"
152,7,1,"1上","兄弟(1)","(0)桃猿",16,"耐　克",NA,"陳江和","第四棒","彭政閔","右","高飛犧牲打犧牲短打","零出局",1,"warning","4.第四棒DH，彭政閔:右外野高飛犧牲打，帶有一分打點，一出局一壘有人"
152,32,1,"2上","兄弟(3)","(2)桃猿",24,"耐　克","陳江和","張正偉","第四棒","彭政閔","","三振","二出局",0,"","7.第四棒DH，彭政閔:三振，三出局"
152,56,1,"4上","兄弟(6)","(2)桃猿",11,NA,NA,"陳江和","第四棒","彭政閔","右","接殺","一出局",0,"","5.第四棒DH，彭政閔:右外野高飛球遭接殺，二出局"
152,89,1,"7上","兄弟(6)","(2)桃猿",4,"耐　克",NA,NA,"第四棒","彭政閔","","保送","零出局",3,"","2.第四棒DH，彭政閔:四壞球保送，無人出局一二壘有人"
152,120,1,"9上","兄弟(9)","(2)桃猿",1,NA,NA,NA,"第四棒","彭政閔","","保送","零出局",0,"","1.第四棒DH，彭政閔:觸身球保送，無人出局一壘有人"
154,12,1,"2上","兄弟(0)","(0)桃猿",1,NA,NA,NA,"第四棒","彭政閔","內","刺殺封殺","零出局",0,"","1.第四棒彭政閔:內野滾地球，SS接到傳向一壘刺殺打者，一出局"
154,37,1,"4上","兄弟(0)","(4)桃猿",5,"耐克",NA,NA,"第四棒","彭政閔","右","一壘安打","一出局",0,"","3.第四棒彭政閔:左邊方向穿越一壘安打，跑者分佔一、二壘"
154,63,1,"6上","兄弟(1)","(7)桃猿",1,NA,NA,NA,"第四棒","彭政閔","","保送","零出局",1,"","1.第四棒彭政閔:四壞球保送"
154,64,1,"6上","兄弟(1)","(7)桃猿",4,"彭政閔",NA,NA,"第五棒","周思齊","中","一壘安打","零出局",1,"warning","2.第五棒周思齊:中外野一壘安打，跑者分佔一、二壘暴投，彭政閔上到三壘"
154,79,1,"7上","兄弟(2)","(7)桃猿",5,"陳江和",NA,NA,"第四棒","彭政閔","","三振","一出局",0,"","3.第四棒彭政閔:三振，二出局"
156,14,1,"2上","兄弟(0)","(0)統一",1,NA,NA,NA,"第四棒","彭政閔","","接殺","零出局",0,"","1.第四棒彭政閔:擊出飛球遭到2B接殺，一出局"
156,33,1,"4上","兄弟(0)","(0)統一",3,NA,NA,NA,"第四棒","彭政閔","內","刺殺封殺","二出局",0,"warning","3.第四棒彭政閔:內野滾地球，SS接到傳向一壘刺殺打者，三出局兄弟(0):(0)統一"
156,53,1,"6上","兄弟(2)","(0)統一",9,NA,"張正偉",NA,"第四棒","彭政閔","右","二壘安打","二出局",0,"warning","4.第四棒彭政閔:右外野二壘安打，帶有1分打點兄弟(2):(0)統一"
156,88,1,"9上","兄弟(2)","(4)統一",1,NA,NA,NA,"第四棒","彭政閔","","保送","零出局",0,"","1.第四棒彭政閔:四壞球保送"
158,6,1,"1上","兄弟(1)","(0)統一",19,NA,"陳江和","張正偉","第四棒","彭政閔","","保送","零出局",0,"","4.第四棒彭政閔:四壞球保送，滿壘"
158,28,1,"3上","兄弟(1)","(0)統一",3,NA,NA,NA,"第四棒","彭政閔","內","刺殺封殺","二出局",0,"warning","3.第四棒彭政閔:內野滾地球，SS接到傳向一壘刺殺打者，三出局兄弟(1):(0)統一"
158,52,1,"5上","兄弟(2)","(2)統一",18,"耐克",NA,"張正偉","第四棒","彭政閔","","保送","二出局",0,"","5.第四棒彭政閔:四壞球保送，滿壘"
158,78,1,"7上","兄弟(2)","(6)統一",19,NA,"耐克","陳江和","第四棒","彭政閔","","三振","零出局",0,"","3.第四棒彭政閔:三振，一出局"
160,15,1,"2上","兄弟(0)","(0)統一",1,NA,NA,NA,"第四棒","彭政閔","","保送","零出局",1,"","1.第四棒彭政閔:四壞球保送"
160,17,1,"2上","兄弟(0)","(0)統一",5,"彭政閔",NA,NA,"","","","","一出局",1,"","3.彭政閔在一壘遭到牽制出局，二出局"
160,31,1,"3上","兄弟(1)","(0)統一",6,"陳江和",NA,NA,"第四棒","彭政閔","中","二壘安打","二出局",0,"","4.第四棒彭政閔:中外野二壘安打，跑者分佔二、三壘"
160,55,1,"5上","兄弟(2)","(2)統一",2,NA,NA,NA,"第四棒","彭政閔","","失誤","一出局",0,"warning","2.第四棒彭政閔:(3)B接球失誤，打者上到一壘"
160,78,1,"7上","兄弟(2)","(2)統一",5,"耐克",NA,NA,"第四棒","彭政閔","左","全壘打","一出局",3,"","4.第四棒彭政閔:左外野全壘打，帶有2分打點"
160,106,1,"9上","兄弟(5)","(3)統一",3,NA,NA,NA,"第四棒","彭政閔","右","一壘安打","二出局",0,"warning","3.第四棒彭政閔:右外野一壘安打暴投，跑者上到二壘"
161,18,1,"1下","義大(1)","(2)兄弟",4,"耐克",NA,NA,"第四棒","彭政閔","","三振","零出局",0,"","4.第四棒DH彭政閔:遭到三振，一出局"
161,46,1,"4下","義大(1)","(2)兄弟",1,NA,NA,NA,"第四棒","彭政閔","內","接殺","零出局",0,"","1.第四棒DH彭政閔:二壘方向平飛球遭到接殺，一出局"
161,72,1,"6下","義大(3)","(2)兄弟",8,NA,"耐克",NA,"第四棒","彭政閔","右","穿越安打穿越安打觸殺","一出局",0,"warning","3.第四棒DH彭政閔:一二壘間穿越安打，耐克回本壘遭到觸殺，打者趁傳上二壘，二壘有人，二出局"
161,99,1,"8下","義大(4)","(2)兄弟",9,NA,"張正偉",NA,"第四棒","彭政閔","右","右外野安打","二出局",1,"","4.第四棒DH彭政閔:右外野安打，一三壘有人"
163,14,1,"1下","義大(0)","(1)兄弟",20,NA,"耐克","張正偉","第四棒","彭政閔","","保送","一出局",1,"","4.第四棒1B彭政閔:獲得四壞球保送，形成滿壘"
163,32,1,"2下","義大(0)","(3)兄弟",15,"陳子豪","張正偉",NA,"第四棒","彭政閔","中","接殺","二出局",0,"","6.第四棒1B彭政閔:中外野飛球遭到接殺，三出局"
163,56,1,"4下","義大(2)","(3)兄弟",3,NA,NA,NA,"第四棒","彭政閔","","接殺","二出局",0,"","3.第四棒1B彭政閔:一壘旁界外飛球遭到接殺，三出局"
163,92,1,"7下","義大(5)","(3)兄弟",5,"耐克",NA,NA,"第四棒","彭政閔","中","接殺","一出局",0,"","3.第四棒1B彭政閔:中外野飛球遭到接殺，二出局"
163,117,1,"9下","義大(5)","(4)兄弟",9,NA,"簡富智",NA,"第四棒","彭政閔","左","穿越安打穿越安打","二出局",2,"","5.第四棒1B彭政閔:三游間穿越安打，一三壘有人"
165,12,1,"1下","桃猿(1)","(0)兄弟",6,"張正偉",NA,NA,"第四棒","彭政閔","左","穿越安打穿越安打","二出局",0,"","4.第四棒DH彭政閔:三游間穿越安打，一二壘有人"
165,35,1,"3下","桃猿(1)","(0)兄弟",15,"耐克","張正偉",NA,"第四棒","彭政閔","右","接殺","二出局",0,"","5.第四棒DH彭政閔:右外野飛球遭到接殺，三出局"
165,60,1,"5下","桃猿(1)","(2)兄弟",3,NA,NA,NA,"第四棒","彭政閔","左","左外野安打","二出局",0,"","3.第四棒DH彭政閔:左外野安打，一壘有人"
165,89,1,"7下","桃猿(2)","(4)兄弟",2,NA,NA,NA,"第四棒","彭政閔","","保送","一出局",2,"","2.第四棒DH彭政閔:獲得四壞球保送，一壘有人"
167,17,1,"2下","桃猿(0)","(1)兄弟",1,NA,NA,NA,"第四棒","彭政閔","左","刺殺","零出局",0,"","1.第四棒DH彭政閔:游擊方向滾地球遭到刺殺，一出局"
167,32,1,"3下","桃猿(0)","(1)兄弟",24,"耐克","張志豪","張正偉","第四棒","彭政閔","","三振","二出局",0,"","6.第四棒DH彭政閔:遭到三振，三出局"
167,59,1,"6下","桃猿(0)","(1)兄弟",2,NA,NA,NA,"第四棒","彭政閔","右","接殺","一出局",0,"","2.第四棒DH彭政閔:右外野飛球遭到接殺，二出局"
167,82,1,"8下","桃猿(0)","(1)兄弟",5,"耐克",NA,NA,"第四棒","彭政閔","中","中外野安打","一出局",5,"","4.第四棒DH彭政閔:中外野安打，一二壘有人"
169,22,1,"2下","桃猿(3)","(0)兄弟",1,NA,NA,NA,"第四棒","彭政閔","右","右外野安打","零出局",6,"","1.第四棒1B彭政閔:右外野安打，一壘有人"
169,35,1,"2下","桃猿(3)","(6)兄弟",6,"耐克",NA,NA,"第四棒","","右","接殺","二出局",0,"warning","桃猿(3):(6)兄弟10.第四棒1B彭政閔:右外野飛球遭到接殺，三出局"
169,61,1,"5下","桃猿(3)","(6)兄弟",4,"耐克",NA,NA,"第四棒","彭政閔","右","右外野安打","零出局",0,"","2.第四棒1B彭政閔:右外野安打，一二壘有人"
169,84,1,"7下","桃猿(3)","(6)兄弟",6,"耐克",NA,NA,"第四棒","彭政閔","左","雙殺","二出局",0,"","3.第四棒1B彭政閔:游擊方向滾地球形成雙殺，三出局"
171,11,1,"1下","統一(0)","(1)兄弟",17,"張志豪",NA,"張正偉","第四棒","彭政閔","","三振","一出局",0,"","4.第四棒1B彭政閔:遭到三振，二出局"
171,30,1,"3下","統一(0)","(1)兄弟",3,NA,NA,NA,"第四棒","彭政閔","右","右外野安打","二出局",0,"","3.第四棒1B彭政閔:右外野安打，一壘有人"
171,53,1,"5下","統一(0)","(1)兄弟",3,NA,NA,NA,"第四棒","彭政閔","中","中外野安打","二出局",1,"","4.第四棒1B彭政閔:中外野安打，一壘有人"
171,71,1,"6下","統一(0)","(3)兄弟",21,NA,"張正偉","王勝偉","第四棒","彭政閔","中","接殺","二出局",0,"","5.第四棒1B彭政閔:中外野飛球遭到接殺，三出局"
171,94,1,"8下","統一(1)","(3)兄弟",6,"耐克",NA,NA,"第四棒","彭政閔","中","穿越安打穿越安打","二出局",0,"","4.第四棒1B彭政閔:中間方向穿越安打，一三壘有人"
173,11,1,"1下","統一(0)","(1)兄弟",6,"耐克",NA,NA,"第四棒","彭政閔","","刺殺","二出局",0,"","4.第四棒1B彭政閔:投手正面滾地球遭到刺殺，三出局"
173,35,1,"3下","統一(0)","(3)兄弟",5,"棒耐克",NA,NA,"第四棒","彭政閔","","保送","一出局",0,"","6.第四棒1B彭政閔:獲得四壞球保送，一二壘有人"
173,57,1,"5下","統一(0)","(4)兄弟",2,NA,NA,NA,"第四棒","彭政閔","","保送","一出局",0,"","2.第四棒1B彭政閔:獲得四壞球保送，一壘有人"
173,76,1,"6下","統一(1)","(6)兄弟",6,"耐克",NA,NA,"第四棒","彭政閔","","保送","二出局",0,"","6.第四棒1B彭政閔:獲得四壞球保送，一二壘有人"
173,98,1,"7下","統一(1)","(9)兄弟",6,"耐克",NA,NA,"第四棒","彭政閔","中","接殺","二出局",0,"","7.第四棒1B彭政閔:中外野飛球遭到接殺，三出局"
175,6,1,"1上","兄弟(1)","(0)義大",6,"耐克",NA,NA,"第四棒","彭政閔","","保送","二出局",1,"","4.第四棒1B彭政閔:獲得四壞球保送，一二壘有人"
175,26,1,"3上","兄弟(3)","(0)義大",1,NA,NA,NA,"","","","","零出局",NA,"","1.第四棒1B彭政閔:中外野安打上一壘"
175,51,1,"5上","兄弟(5)","(1)義大",1,NA,NA,NA,"第四棒","彭政閔","","保送","零出局",3,"","1.第四棒1B彭政閔:獲得四壞球保送上一壘"
177,6,1,"1上","兄弟(1)","(0)義大",17,"耐克",NA,"張志豪","",".彭政閔","右","犧牲短打","一出局",0,"warning","4.1B彭政閔:右外野飛球形成犧牲打，送回三壘跑者，二出局兄弟(1):(0)義大一壘跑者趁暴投跑上二壘"
177,32,1,"4上","兄弟(1)","(0)義大",4,"耐克",NA,NA,"第四棒","彭政閔","","三振","零出局",0,"","2.第四棒1B彭政閔:遭到三振，一出局"
177,54,1,"6上","兄弟(2)","(1)義大",18,"耐克",NA,"張正偉","第四棒","彭政閔","左","穿越安打穿越安打","二出局",0,"warning","5.第四棒1B彭政閔:游擊穿越安打，三壘跑者得分，帶有一分打點，一二壘有人兄弟(2):(1)義大"
177,81,1,"8上","兄弟(2)","(3)義大",17,"張志豪",NA,"張正偉","第四棒","彭政閔","","三振","一出局",0,"","4.第四棒1B彭政閔:遭到三振，二出局"
179,16,1,"2上","兄弟(0)","(1)義大",1,NA,NA,NA,"第四棒","彭政閔","右","接殺","零出局",0,"","1.第四棒DH彭政閔:中右外野飛球遭到接殺，一出局"
179,39,1,"4上","兄弟(0)","(1)義大",2,NA,NA,NA,"第四棒","彭政閔","內","刺殺","一出局",0,"","2.第四棒DH彭政閔:三壘滾地遭到刺殺，二出局"
179,68,1,"7上","兄弟(0)","(1)義大",1,NA,NA,NA,"第四棒","彭政閔","左","","零出局",0,"","1.第四棒DH彭政閔:中左外野方向安打上一壘"
179,86,1,"8上","兄弟(1)","(1)義大",6,"耐克",NA,NA,"第四棒","彭政閔","","穿越安打穿越安打","二出局",1,"warning","5.第四棒DH彭政閔:一壘方向穿越安打，一二壘有人二壘更換代跑為簡富智"
182,12,1,"1下","桃猿(0)","(1)兄弟",12,NA,NA,"張志豪","第四棒","彭政閔","","保送","二出局",0,"","4.第四棒1B彭政閔:獲得四壞球保送"
182,13,1,"1下","桃猿(0)","(1)兄弟",18,"彭政閔",NA,"張志豪","第五棒","周思齊","中","穿越安打穿越安打觸殺","二出局",0,"warning","5.第五棒LF周思齊:中間方向穿越安打，彭政閔上三壘遭到觸殺，三出局"
182,41,1,"4下","桃猿(0)","(1)兄弟",2,NA,NA,NA,"第四棒","彭政閔","","接殺","一出局",0,"","2.第四棒1B彭政閔:二壘方向小飛球遭到接殺，二出局"
182,65,1,"6下","桃猿(0)","(1)兄弟",15,"耐克","張正偉",NA,"第四棒","彭政閔","內","雙殺","二出局",0,"","4.第四棒1B彭政閔:三壘方向滾地球形成雙殺，三出局"
182,102,1,"9下","桃猿(1)","(1)兄弟",1,NA,NA,NA,"第四棒","彭政閔","中","接殺","零出局",0,"","1.第四棒1B彭政閔:中外野飛球遭到接殺，一出局"
182,127,1,"11下","桃猿(1)","(1)兄弟",2,NA,NA,NA,"第四棒","彭政閔","中","穿越安打穿越安打","一出局",0,"","2.第四棒1B彭政閔:中間方向穿越安打，一壘有人"
184,20,1,"2下","桃猿(1)","(0)兄弟",1,NA,NA,NA,"第四棒","彭政閔","","三振","零出局",0,"","1.第四棒1B彭政閔:遭到三振，一出局"
184,42,1,"4下","桃猿(1)","(0)兄弟",3,NA,NA,NA,"第四棒","彭政閔","右","接殺","二出局",0,"","3.第四棒1B彭政閔:右外野飛球遭到接殺，三出局"
184,68,1,"6下","桃猿(2)","(1)兄弟",6,"耐克",NA,NA,"第四棒","彭政閔","","三振","二出局",0,"","4.第四棒1B彭政閔:遭到三振，三出局"
184,97,1,"9下","桃猿(2)","(1)兄弟",13,"耐克","張志豪",NA,"第四棒","彭政閔","","觸擊","零出局",0,"","3.第四棒1B彭政閔:觸擊成功，二三壘有人，一出局"
186,11,1,"1下","義大(0)","(4)兄弟",6,"張志豪",NA,NA,"第四棒","彭政閔","中","穿越安打穿越安打","二出局",0,"","4.第四棒1B彭政閔:中間方向穿越安打，一二壘有人"
186,38,1,"3下","義大(2)","(4)兄弟",4,"耐克",NA,NA,"第四棒","彭政閔","左","穿越安打穿越安打","零出局",2,"","2.第四棒1B彭政閔:三游間穿越安打，一二壘有人"
186,57,1,"4下","義大(2)","(8)兄弟",7,NA,"耐克",NA,"第四棒","彭政閔","內","接殺","零出局",2,"","4.第四棒1B彭政閔:二壘方向平飛球遭到接殺，一出局"
186,78,1,"5下","義大(2)","(12)兄弟",9,NA,"張志豪",NA,"第四棒","彭政閔","中","中外野安打失誤","二出局",0,"warning","5.第四棒1B彭政閔:中外野安打，加上CF失誤，二壘有人"
188,11,1,"1下","義大(1)","(0)兄弟",14,"張志豪","張正偉",NA,"第四棒","彭政閔","","三振","一出局",0,"","4.第四棒1B彭政閔:遭到三振，二出局"
188,42,1,"3下","義大(5)","(0)兄弟",5,"耐克",NA,NA,"第四棒","彭政閔","左","封殺","一出局",0,"warning","3.第四棒1B彭政閔:游擊方向滾地球封殺往二壘跑者，一壘有人，二出局"
188,61,1,"5下","義大(5)","(0)兄弟",14,"耐克","張志豪",NA,"第四棒","彭政閔","中","穿越安打穿越安打","一出局",5,"","4.第四棒1B彭政閔:中間方向穿越安打，帶有一分打點，一二壘有人"
188,83,1,"6下","義大(7)","(5)兄弟",3,NA,NA,NA,"第四棒","彭政閔","左","刺殺","二出局",0,"","3.第四棒1B彭政閔:游擊方向滾地球遭到刺殺，三出局"
188,113,1,"9下","義大(7)","(5)兄弟",1,NA,NA,NA,"第四棒","彭政閔","中","穿越安打穿越安打","零出局",0,"","1.第四棒1B彭政閔:中間方向穿越安打，一壘有人"
190,22,1,"2下","義大(2)","(0)兄弟",1,NA,NA,NA,"第四棒","彭政閔","左","刺殺","零出局",0,"","1.第四棒1B彭政閔:游擊方向滾地球遭到刺殺，一出局"
190,46,1,"4下","義大(3)","(0)兄弟",6,"張正偉",NA,NA,"第四棒","彭政閔","","三振","二出局",0,"","4.第四棒1B彭政閔:遭到三振，三出局"
190,76,1,"7下","義大(4)","(1)兄弟",2,NA,NA,NA,"第四棒","彭政閔","中","穿越安打穿越安打","一出局",0,"","2.第四棒1B彭政閔:中間方向穿越安打，一壘有人"
190,108,1,"9下","義大(6)","(3)兄弟",1,NA,NA,NA,"第四棒","彭政閔","","保送","零出局",0,"","1.第四棒1B彭政閔:獲得四壞球保送，一壘有人"
190,112,1,"9下","義大(6)","(3)兄弟",3,NA,NA,NA,"","","","","二出局",0,"warning","彭政閔靠野手選擇進壘，二壘有人"
192,5,1,"1上","兄弟(1)","(0)統一",9,NA,"陳子豪",NA,"第四棒","彭政閔","左","","二出局",0,"","4.第四棒彭政閔1B:左外野滾地安打，帶有一分打點，攻佔一壘"
192,29,1,"3上","兄弟(1)","(1)統一",6,"張志豪",NA,NA,"第四棒","彭政閔","","保送","二出局",0,"","4.第四棒彭政閔1B:四壞球保送攻佔一二壘"
192,60,1,"6上","兄弟(1)","(1)統一",1,NA,NA,NA,"第四棒","彭政閔","內","刺殺","零出局",0,"","1.第四棒彭政閔1B:三壘方向滾地球刺殺，一出局"
192,87,1,"8上","兄弟(1)","(2)統一",3,NA,NA,NA,"第四棒","彭政閔","內","刺殺","二出局",0,"","3.第四棒彭政閔1B:三壘方向滾地球刺殺，三出局"
194,6,1,"1上","兄弟(2)","(0)統一",10,NA,NA,"張志豪","第四棒","彭政閔","","三振","零出局",1,"","4.第四棒彭政閔:三振，一出局"
194,25,1,"2上","兄弟(5)","(3)統一",15,"張志豪","王勝偉",NA,"第四棒","彭政閔","內","刺殺封殺","二出局",0,"warning","5.第四棒彭政閔:內野滾地球，2B接到傳向一壘刺殺打者，三出局兄弟(5):(3)統一"
194,52,1,"5上","兄弟(6)","(3)統一",1,NA,NA,NA,"第四棒","彭政閔","內","刺殺封殺","零出局",0,"","1.第四棒彭政閔:內野滾地球，SS接到傳向一壘刺殺打者，一出局"
194,70,1,"6上","兄弟(9)","(5)統一",6,"張志豪",NA,NA,"第四棒","彭政閔","","保送","二出局",3,"","7.第四棒彭政閔:四壞球保送"
195,6,1,"1上","兄弟(0)","(0)桃猿",6,"張正偉",NA,NA,"第四棒","彭政閔","右","接殺","二出局",0,"warning","4.第四棒彭政閔:擊出飛球遭到RF接殺，三出局兄弟(0):(0)桃猿"
195,38,1,"4上","兄弟(1)","(2)桃猿",1,NA,NA,NA,"第四棒","彭政閔","左","一壘安打","零出局",0,"","1.第四棒彭政閔:左外野一壘安打"
195,60,1,"6上","兄弟(1)","(4)桃猿",5,"王勝偉",NA,NA,"第四棒","彭政閔","","保送","一出局",2,"","3.第四棒彭政閔:四壞球保送，跑者分佔一、二壘"
195,76,1,"7上","兄弟(5)","(4)桃猿",9,NA,"陳江和",NA,"第四棒","彭政閔","","保送","二出局",0,"warning","5.第四棒彭政閔:四壞球保送雙盜壘，原三壘跑者王勝偉回到本壘得分、彭政閔上到二壘兄弟(5):(4)桃猿"
195,101,1,"9上","兄弟(5)","(6)桃猿",2,NA,NA,NA,"第四棒","彭政閔","","三振","一出局",0,"","2.第四棒彭政閔:三振，二出局"
197,6,1,"1上","兄弟(2)","(0)桃猿",14,"王勝偉","張正偉",NA,"第四棒","彭政閔","左","一壘安打","一出局",0,"warning","4.第四棒彭政閔:左外野一壘安打，帶有2分打點兄弟(2):(0)桃猿"
197,37,1,"4上","兄弟(2)","(3)桃猿",1,NA,NA,NA,"第四棒","彭政閔","","三振","零出局",0,"","1.第四棒彭政閔:三振，一出局"
197,58,1,"6上","兄弟(2)","(5)桃猿",7,NA,"張志豪",NA,"第四棒","彭政閔","右","一壘安打","零出局",2,"","2.第四棒彭政閔:右外野一壘安打，跑者分佔一、三壘"
197,85,1,"8上","兄弟(4)","(9)桃猿",1,NA,NA,NA,"第四棒","彭政閔","內","刺殺封殺","零出局",0,"","1.第四棒彭政閔:內野滾地球，SS接到傳向一壘刺殺打者，一出局"
199,6,1,"1上","兄弟(1)","(0)桃猿",17,"王勝偉",NA,"張正偉","第四棒","彭政閔","","三振","一出局",0,"","4.第四棒彭政閔:三振，二出局"
199,9,1,"1下","兄弟(1)","(0)桃猿",1,NA,NA,NA,"","","","","零出局",0,"warning","兄弟先發投手:王梓安兄弟更換守備:(1)B黃仕豪、2B陳偉漢、3B陳江和、彭政閔退場"
202,6,1,"1上","兄弟(0)","(0)義大",14,"陳子豪","王勝偉",NA,"第四棒","彭政閔","","保送","一出局",0,"","4.第四棒DH彭政閔:獲得觸身球保送，形成滿壘"
202,28,1,"3上","兄弟(0)","(1)義大",5,"王勝偉",NA,NA,"第四棒","彭政閔","","三振","一出局",0,"","3.第四棒DH彭政閔:遭到三振，二出局"
202,51,1,"5上","兄弟(1)","(1)義大",2,NA,NA,NA,"第四棒","彭政閔","","三振","一出局",0,"","2.第四棒DH彭政閔:遭到三振，二出局"
202,76,1,"7上","兄弟(2)","(2)義大",3,NA,NA,NA,"第四棒","彭政閔","左","","二出局",1,"","3.第四棒DH彭政閔:左外野方向安打上一壘"
204,6,1,"1上","兄弟(0)","(0)義大",6,"張正偉",NA,NA,"第四棒","彭政閔","","接殺","二出局",0,"warning","4.第四棒DH彭政閔:二游間平飛球遭到美技接殺，三出局兄弟(0):(0)義大"
204,29,1,"3上","兄弟(0)","(1)義大",5,"王勝偉",NA,NA,"第四棒","彭政閔","","三振","一出局",0,"","3.第四棒DH彭政閔:遭到三振，二出局"
204,50,1,"5上","兄弟(0)","(3)義大",3,NA,NA,NA,"第四棒","彭政閔","內","刺殺","二出局",0,"warning","3.第四棒DH彭政閔:二壘方向滾地球遭到刺殺，三出局兄弟(0):(3)義大"
204,82,1,"8上","兄弟(0)","(3)義大",4,"簡富智",NA,NA,"第四棒","彭政閔","","三振","零出局",0,"","2.第四棒DH彭政閔:遭到三振，一出局"
205,16,1,"2下","統一(0)","(2)兄弟",1,NA,NA,NA,"第四棒","彭政閔","","保送","零出局",0,"","1.第四棒1B彭政閔:獲得四壞球保送，一壘有人"
205,43,1,"5下","統一(0)","(2)兄弟",1,NA,NA,NA,"第四棒","彭政閔","","三振","零出局",0,"","1.第四棒1B彭政閔:遭到三振，一出局"
205,70,1,"7下","統一(0)","(2)兄弟",7,NA,"張正偉",NA,"第四棒","彭政閔","左","穿越安打穿越安打","零出局",1,"","2.第四棒1B彭政閔:三游間穿越安打，一三壘有人"
205,88,1,"8下","統一(0)","(3)兄弟",22,"張正偉","簡富智","王勝偉","第四棒","彭政閔","中","高飛犧牲打犧牲短打","零出局",6,"warning","4.第四棒1B彭政閔:中外野飛球形成高飛犧牲打，帶有一分打點，一三壘有人，一出局"
207,12,1,"1下","統一(1)","(0)兄弟",9,NA,"王勝偉",NA,"第四棒","彭政閔","","保送","二出局",0,"","4.第四棒1B彭政閔:獲得四壞球保送，一三壘有人"
207,45,1,"3下","統一(5)","(2)兄弟",3,NA,NA,NA,"第四棒","彭政閔","中","中外野安打","二出局",0,"","3.第四棒1B彭政閔:中外野安打，一壘有人"
207,64,1,"5下","統一(5)","(2)兄弟",2,NA,NA,NA,"第四棒","彭政閔","中","穿越安打穿越安打","一出局",0,"","2.第四棒1B彭政閔:中間方向穿越安打，一壘有人"
207,96,1,"7下","統一(9)","(3)兄弟",9,NA,"張正偉",NA,"第四棒","彭政閔","中","接殺","二出局",0,"","4.第四棒1B彭政閔:中外野飛球遭到接殺，三出局"
209,12,1,"1下","統一(1)","(0)兄弟",14,"王勝偉","張正偉",NA,"第四棒","彭政閔","左","刺殺","一出局",0,"warning","4.第四棒1B彭政閔:游擊方向滾地球遭到刺殺，推進壘上跑者，二三壘有人，二出局"
209,32,1,"3下","統一(1)","(0)兄弟",6,"張正偉",NA,NA,"第四棒","彭政閔","","接殺","二出局",0,"","4.第四棒1B彭政閔:二壘後方飛球遭到接殺，三出局"
209,65,1,"6下","統一(2)","(0)兄弟",2,NA,NA,NA,"第四棒","彭政閔","中","接殺","一出局",0,"","2.第四棒1B彭政閔:中外野飛球遭到接殺，二出局"
209,90,1,"8下","統一(2)","(0)兄弟",12,NA,NA,"張志豪","第四棒","彭政閔","中","接殺","二出局",0,"","4.第四棒1B彭政閔:中外野飛球遭到接殺，三出局"
212,12,1,"1下","義大(0)","(2)兄弟",6,"王勝偉",NA,NA,"第四棒","彭政閔","","三振","二出局",0,"","4.第四棒1B彭政閔:遭到三振，三出局"
212,32,1,"3下","義大(0)","(2)兄弟",23,"張志豪","王勝偉","張正偉","第四棒","彭政閔","左","封殺失誤","一出局",0,"warning","5.第四棒1B彭政閔:游擊方向滾地球封殺往二壘跑者，2B傳一壘發生失誤，張正偉、王勝偉回本壘得分，二壘有人，二出局"
212,56,1,"5下","義大(1)","(2)兄弟",14,"張志豪","張正偉",NA,"第四棒","彭政閔","","保送","一出局",1,"","4.第四棒1B彭政閔:獲得故意四壞球保送，形成滿壘"
212,80,1,"7下","義大(1)","(4)兄弟",5,"張志豪",NA,NA,"第四棒","彭政閔","","刺殺","一出局",0,"","2.第四棒1B彭政閔:投手正面滾地球遭到刺殺，二出局"
217,12,1,"2上","兄弟(0)","(0)統一",1,NA,NA,NA,"第四棒","彭政閔","右","接殺","零出局",0,"","1.第四棒彭政閔:擊出飛球遭到RF接殺，一出局"
217,32,1,"4上","兄弟(0)","(0)統一",2,NA,NA,NA,"第四棒","彭政閔","右","一壘安打","一出局",0,"","2.第四棒彭政閔:右外野一壘安打"
217,54,1,"6上","兄弟(1)","(0)統一",13,"張志豪","王勝偉",NA,"第四棒","彭政閔","左","接殺","零出局",1,"","3.第四棒彭政閔:擊出飛球遭到LF接殺，一出局"
217,76,1,"8上","兄弟(3)","(0)統一",1,NA,NA,NA,"第四棒","彭政閔","","刺殺封殺","零出局",0,"","1.第四棒彭政閔:SS接到傳向一壘刺殺打者，一出局"
219,6,1,"1上","兄弟(1)","(0)統一",6,"張正偉",NA,NA,"第四棒","彭政閔","中","穿越安打穿越安打","二出局",6,"","4.第四棒彭政閔:中間方向穿越安打，帶有1分打點"
219,38,1,"4上","兄弟(1)","(4)統一",1,NA,NA,NA,"第四棒","彭政閔","","刺殺封殺","零出局",1,"","1.第四棒彭政閔:(3)B接到傳向一壘刺殺打者，一出局"
219,53,1,"5上","兄弟(2)","(5)統一",3,NA,NA,NA,"第四棒","彭政閔","","三振","二出局",0,"","3.第四棒彭政閔:三振，三出局兄弟(2):(5)統一"
219,81,1,"8上","兄弟(2)","(7)統一",5,"王勝偉",NA,NA,"第四棒","彭政閔","右","一壘安打","一出局",5,"","3.第四棒彭政閔:右外野一壘安打，跑者分佔一、三壘"
219,97,1,"9上","兄弟(7)","(7)統一",6,"王勝偉",NA,NA,"第四棒","彭政閔","左","接殺","二出局",0,"warning","3.第四棒彭政閔:擊出飛球遭到LF接殺，三出局兄弟(7):(7)統一"
219,123,1,"11上","兄弟(7)","(7)統一",15,"張志豪","陳偉漢",NA,"第四棒","彭政閔","","三振","二出局",0,"","5.第四棒彭政閔:三振，三出局兄弟(7):(7)統一"
219,134,1,"12下","兄弟(7)","(7)統一",1,NA,NA,NA,"","","","","零出局",0,"","兄弟更換守備:投手羅國華、1B彭政閔、3B黃仕豪"
221,6,1,"1上","兄弟(0)","(0)桃猿",3,NA,NA,NA,"第四棒","彭政閔","內","刺殺","二出局",0,"warning","4.第四棒彭政閔:內野高彈跳，3B傳一壘刺殺，三出局兄弟(0):(0)桃猿"
221,32,1,"4上","兄弟(0)","(0)桃猿",1,NA,NA,NA,"第四棒","彭政閔","右","接殺","零出局",0,"","1.第四棒彭政閔:外野飛球，RF接殺，一出局"
221,47,1,"5上","兄弟(1)","(0)桃猿",9,NA,"張志豪",NA,"第四棒","彭政閔","","保送","二出局",3,"","5.第四棒彭政閔:四壞球保送"
221,69,1,"7上","兄弟(4)","(1)桃猿",1,NA,NA,NA,"第四棒","彭政閔","中","接殺","零出局",0,"","1.第四棒彭政閔:外野飛球，CF接殺，一出局"
221,94,1,"9上","兄弟(4)","(2)桃猿",14,"張志豪","張正偉",NA,"第四棒","彭政閔","","三振","一出局",0,"","4.第四棒彭政閔:揮棒落空，三振，二出局"
223,6,1,"1上","兄弟(0)","(0)桃猿",12,NA,NA,"張志豪","第四棒","彭政閔","","保送","二出局",0,"","4.第四棒彭政閔:四壞球保送"
223,34,1,"4上","兄弟(0)","(0)桃猿",1,NA,NA,NA,"第四棒","彭政閔","右","接殺","零出局",0,"","1.第四棒彭政閔:擊出飛球遭到RF接殺，一出局"
223,59,1,"6上","兄弟(0)","(0)桃猿",1,NA,NA,NA,"第四棒","彭政閔","","刺殺封殺","零出局",0,"","1.第四棒彭政閔:SS接到傳向一壘刺殺打者，一出局"
223,80,1,"8上","兄弟(0)","(0)桃猿",6,"張志豪",NA,NA,"第四棒","彭政閔","","三振盜壘失敗","二出局",0,"warning","3.第四棒彭政閔:三振，二出局簡富智盜二壘失敗，三出局兄弟(0):(0)桃猿"
226,6,1,"1上","兄弟(0)","(0)義大",3,NA,NA,NA,"第四棒","彭政閔","","保送","二出局",0,"","4.第四棒DH彭政閔:獲得四壞球保送，一二壘有人"
226,26,1,"3上","兄弟(0)","(0)義大",2,NA,NA,NA,"第四棒","彭政閔","中","穿越安打穿越安打","一出局",0,"","2.第四棒DH彭政閔:中間方向穿越安打上一壘"
226,28,1,"3上","兄弟(0)","(0)義大",6,"彭政閔",NA,NA,"第六棒","","","盜壘失敗","二出局",0,"warning","4.第六棒許基宏打擊時，一壘跑者彭政閔盜二壘失敗，三出局兄弟(0):(0)義大"
226,48,1,"5上","兄弟(0)","(0)義大",5,"王勝偉",NA,NA,"第四棒","彭政閔","","三振","一出局",0,"warning","3.第四棒DH彭政閔:遭到三振，二出局一壘跑者王勝偉成功盜上二壘"
226,75,1,"7上","兄弟(0)","(5)義大",6,"張志豪",NA,NA,"第四棒","彭政閔","右","接殺","二出局",0,"warning","4.第四棒DH彭政閔:右外野飛球遭到接殺，三出局兄弟(0):(5)義大"
228,6,1,"1上","兄弟(1)","(0)義大",3,NA,NA,NA,"第四棒","彭政閔","左","穿越安打穿越安打","二出局",0,"warning","4.第四棒1B彭政閔:三游間穿越安打，送回二壘跑者，帶有一分打點，打者上一壘兄弟(1):(0)義大"
228,27,1,"3上","兄弟(1)","(0)義大",3,NA,NA,NA,"第四棒","彭政閔","內","封殺","二出局",0,"warning","4.第四棒1B彭政閔:二壘方向滾地球傳二壘封殺跑者，三出局兄弟(1):(0)義大"
228,50,1,"5上","兄弟(3)","(0)義大",6,"王勝偉",NA,NA,"第四棒","彭政閔","左","穿越安打穿越安打","二出局",0,"warning","5.第四棒1B彭政閔:三游間穿越安打上一壘，隨後成功盜上壘"
228,71,1,"7上","兄弟(3)","(0)義大",3,NA,NA,NA,"第四棒","彭政閔","內","內野安打","二出局",0,"warning","3.第四棒1B彭政閔:三壘方向滾地球形成內野安打，上一壘，隨後靠盜壘上二壘"
230,6,1,"1上","兄弟(1)","(0)義大",3,NA,NA,NA,"第四棒","彭政閔","","保送","二出局",2,"","4.第四棒1B彭政閔:獲得觸身球保送，一二壘有人"
230,27,1,"3上","兄弟(3)","(1)義大",3,NA,NA,NA,"第四棒","彭政閔","","保送","二出局",0,"","3.第四棒1B彭政閔:獲得四壞球保送上一壘"
230,55,1,"6上","兄弟(3)","(2)義大",1,NA,NA,NA,"第四棒","彭政閔","右","接殺","零出局",0,"","1.第四棒1B彭政閔:右外野方向飛球遭到接殺，一出局"
230,80,1,"8上","兄弟(3)","(2)義大",3,NA,NA,NA,"第四棒","彭政閔","內","刺殺封殺雙殺","二出局",0,"warning","4.第四棒1B彭政閔:二壘方向滾地球傳二壘封殺跑者，再傳一壘刺殺打者形成雙殺，三出局兄弟(3):(2)義大"
230,107,1,"10上","兄弟(3)","(3)義大",14,"張志豪","張正偉",NA,"第四棒","彭政閔","","三振投手暴投","一出局",0,"warning","4.第四棒1B彭政閔:遭到三振，二出局投手暴投一壘跑者上二壘二三壘有人"
232,12,1,"1下","統一(0)","(1)兄弟",6,"張正偉",NA,NA,"第四棒","彭政閔","","三振","二出局",0,"","4.第四棒1B彭政閔:遭到三振，三出局"
234,11,1,"1下","統一(0)","(1)兄弟",14,"張志豪","張正偉",NA,"第四棒","彭政閔","左","封殺","一出局",0,"warning","4.第四棒1B彭政閔:游擊方向滾地球封殺往二壘跑者，一三壘有人，二出局"
234,33,1,"3下","統一(0)","(1)兄弟",3,NA,NA,NA,"第四棒","彭政閔","左","左外野安打","二出局",1,"","3.第四棒1B彭政閔:左外野安打，一壘有人"
234,34,1,"3下","統一(0)","(1)兄弟",6,"彭政閔",NA,NA,"","","","盜壘","二出局",1,"warning","彭政閔盜壘成功，二壘有人"
234,56,1,"5下","統一(0)","(2)兄弟",1,NA,NA,NA,"第四棒","彭政閔","內","刺殺","零出局",1,"","1.第四棒1B彭政閔:二壘方向滾地球遭到刺殺，一出局"
234,79,1,"7下","統一(0)","(3)兄弟",1,NA,NA,NA,"第四棒","彭政閔","內","刺殺","零出局",0,"","1.第四棒1B彭政閔:二壘方向滾地球遭到刺殺，一出局"
236,18,1,"2下","桃猿(0)","(3)兄弟",1,NA,NA,NA,"第四棒","彭政閔","","三振","零出局",0,"","1.第四棒1B彭政閔:遭到三振，一出局"
236,42,1,"4下","桃猿(0)","(3)兄弟",5,"王勝偉",NA,NA,"第四棒","彭政閔","左","接殺","一出局",0,"","3.第四棒1B彭政閔:游擊方向平飛球遭到接殺，二出局"
236,60,1,"5下","桃猿(0)","(3)兄弟",9,NA,"張志豪",NA,"第四棒","彭政閔","左","穿越安打穿越安打","二出局",1,"","7.第四棒1B彭政閔:三游間穿越安打，帶有一分打點，一壘有人"
236,85,1,"7下","桃猿(0)","(5)兄弟",4,"張志豪",NA,NA,"第四棒","彭政閔","","保送","零出局",3,"","2.第四棒1B彭政閔:獲得四壞球保送，一二壘有人"
238,11,1,"1下","桃猿(0)","(3)兄弟",14,"張志豪","張正偉",NA,"第四棒","彭政閔","左","全壘打","一出局",0,"","4.第四棒1B彭政閔:左外野全壘打，帶有三分打點"
238,31,1,"3下","桃猿(0)","(3)兄弟",4,"張志豪",NA,NA,"第四棒","彭政閔","中","接殺","零出局",0,"","2.第四棒1B彭政閔:中外野飛球遭到接殺，一出局"
238,52,1,"5下","桃猿(0)","(3)兄弟",3,NA,NA,NA,"第四棒","彭政閔","中","接殺","二出局",0,"","3.第四棒1B彭政閔:中外野飛球遭到接殺，三出局"
238,83,1,"8下","桃猿(0)","(3)兄弟",5,"王勝偉",NA,NA,"第四棒","彭政閔","內","刺殺","一出局",0,"warning","3.第四棒1B彭政閔:三壘方向滾地球遭到刺殺，推進壘上跑者，二壘有人，二出局"
240,12,1,"1下","桃猿(0)","(1)兄弟",6,"張志豪",NA,NA,"第四棒","彭政閔","中","中外野安打","二出局",0,"","4.第四棒1B彭政閔:中外野安打，帶有一分打點，一壘有人"
240,13,1,"1下","桃猿(0)","(1)兄弟",6,"彭政閔",NA,NA,"","","","盜壘","二出局",0,"warning","桃猿(0):(1)兄弟彭政閔盜壘成功，二壘有人"
240,34,1,"3下","桃猿(0)","(1)兄弟",6,"張志豪",NA,NA,"第四棒","彭政閔","左","封殺","二出局",0,"","4.第四棒1B彭政閔:游擊方向滾地球封殺往二壘跑者，三出局"
240,64,1,"6下","桃猿(1)","(1)兄弟",2,NA,NA,NA,"第四棒","彭政閔","","三振","一出局",0,"","2.第四棒1B彭政閔:遭到三振，二出局"
240,96,1,"8下","桃猿(3)","(1)兄弟",2,NA,NA,NA,"第四棒","彭政閔","右","二壘安打","一出局",0,"","2.第四棒1B彭政閔:右外野二壘安打，二壘有人"
